BEGIN TRANSACTION;

DROP TABLE IF EXISTS users, city, user_likes, likes, hotel, restaurant, bar, events, tourism;

CREATE TABLE users (
	user_id serial NOT NULL,
	username varchar(50) NOT NULL,
	password_hash varchar(200) NOT NULL,
	first_name VARCHAR(50),
	last_name VARCHAR(50),
	email VARCHAR(50),
	role varchar(50) NOT NULL,
    activated boolean NOT NULL DEFAULT false, -- Add this line
	CONSTRAINT pk_user PRIMARY KEY (user_id),
	CONSTRAINT uq_username UNIQUE (username)
);

CREATE TABLE city (
	city_id serial NOT NULL,
	city_name varchar(50) NOT NULL,
	state_name varchar(50),
	cover_picture varchar(250) NOT NULL,
	city_video varchar(250),
	city_description varchar(2500) NOT NULL,
	CONSTRAINT pk_city PRIMARY KEY (city_id),
	CONSTRAINT pk_state UNIQUE (state_name)
);

CREATE TABLE hotel (
	hotel_id serial NOT NULL,
	hotel_city_id INT NOT NULL,
	hotel_picture varchar(250) NOT NULL,
	hotel_city_name varchar(50) NOT NULL,
	hotel_name varchar(500) NOT NULL,
	hotel_website varchar(1000) NOT NULL,
	hotel_address varchar(1000) NOT NULL,
	hotel_phone varchar(20) NOT NULL,
	hotel_price varchar(5) NOT NULL,
	CONSTRAINT pk_hotel PRIMARY KEY (hotel_id),
	CONSTRAINT fk_hotel_city FOREIGN KEY(hotel_city_id) REFERENCES city(city_id)
);

CREATE TABLE restaurant (
	restaurant_id serial NOT NULL,
	restaurant_city_id int NOT NULL,
	restaurant_picture varchar(250) NOT NULL,
	restaurant_city_name varchar(50) NOT NULL,
	restaurant_name varchar(500) NOT NULL,
	restaurant_website varchar(1000) NOT NULL,
	restaurant_address varchar(1000) NOT NULL,
	restaurant_phone varchar(20) NOT NULL,
	restaurant_price varchar(5) NOT NULL,
	CONSTRAINT pk_restaurant PRIMARY KEY (restaurant_id),
	CONSTRAINT fk_restaurant_city FOREIGN KEY(restaurant_city_id) REFERENCES city(city_id)
);

CREATE TABLE bar (
	bar_id serial NOT NULL,
	bar_city_id INT NOT NULL,
	bar_picture varchar(250) NOT NULL,
	bar_city_name varchar(50) NOT NULL,
	bar_name varchar(150) NOT NULL,
	bar_website varchar(1000) NOT NULL,
	menu_link varchar(500) NOT NULL,
	bar_address varchar(150) NOT NULL,
	bar_phone varchar(20) NOT NULL,
	bar_price varchar(5) NOT NULL,
	CONSTRAINT pk_bar PRIMARY KEY (bar_id),
	CONSTRAINT fk_bar_city FOREIGN KEY(bar_city_id) REFERENCES city(city_id)
);

CREATE TABLE events (
	event_id serial NOT NULL,
	event_city_id INT NOT NULL,
	event_picture varchar(500) NOT NULL,
	event_city_name varchar(50) NOT NULL,
	event_name varchar(500) NOT NULL,
	event_website varchar(1000) NOT NULL,
	event_address varchar(1000) NOT NULL,
	event_phone varchar(100) NOT NULL,
	event_price varchar(100) NOT NULL,
	CONSTRAINT pk_event PRIMARY KEY (event_id),
	CONSTRAINT fk_event_city FOREIGN KEY(event_city_id) REFERENCES city(city_id)
);

CREATE TABLE tourism (
	tour_id serial NOT NULL,
	tour_city_id INT NOT NULL,
	tour_picture varchar(500) NOT NULL,
	tour_city_name varchar(50) NOT NULL,
	tour_name varchar(500) NOT NULL,
	tour_website varchar(1000) NOT NULL,
	tour_address varchar(500) NOT NULL,
	tour_phone varchar(100) NOT NULL,
	tour_price varchar(50) NOT NULL,
	CONSTRAINT pk_tour PRIMARY KEY (tour_id),
	CONSTRAINT fk_tour_city FOREIGN KEY(tour_city_id) REFERENCES city(city_id)
);

CREATE TABLE likes (
    like_id serial NOT NULL,
    like_city_id int,
    like_bar_id int,
    like_hotel_id int,
    like_restaurant_id int,
    like_event_id int,
    like_tour_id int,
	like_picture varchar(500) NOT NULL,
	like_city_name varchar(50) NOT NULL,
    like_name varchar(500) NOT NULL,
    like_address varchar(1000) NOT NULL,
    like_phone varchar(100) NOT NULL,
    like_price varchar(100) NOT NULL,
    like_website varchar(1000) NOT NULL,
    CONSTRAINT pk_like PRIMARY KEY (like_id),
    CONSTRAINT fk_like_city_id FOREIGN KEY (like_city_id) REFERENCES city(city_id),
    CONSTRAINT fk_like_bar_id FOREIGN KEY (like_bar_id) REFERENCES bar(bar_id),
    CONSTRAINT fk_like_hotel_id FOREIGN KEY (like_hotel_id) REFERENCES hotel(hotel_id),
    CONSTRAINT fk_like_restaurant_id FOREIGN KEY (like_restaurant_id) REFERENCES restaurant(restaurant_id),
    CONSTRAINT fk_like_event_id FOREIGN KEY (like_event_id) REFERENCES events(event_id),
    CONSTRAINT fk_like_tour_id FOREIGN KEY (like_tour_id) REFERENCES tourism(tour_id)
);

CREATE TABLE user_likes (
	user_id int NOT NULL REFERENCES users(user_id),
	like_id int NOT NULL,
	CONSTRAINT pk_user_likes PRIMARY KEY (user_id, like_id),
	CONSTRAINT fk_user_like_like FOREIGN KEY (like_id) REFERENCES likes(like_id)
);

-- CITY

INSERT INTO city (city_name, state_name, cover_picture, city_video, city_description) VALUES ('Pittsburgh', 'Pennsylvania','https://cdn.wallpapersafari.com/34/60/pwHxg2.jpg', 'https://www.youtube.com/watch?v=IiQxXqcQFKA', 'The City of Pittsburgh offers everything a person might be looking for in a home, with its wonderful shopping areas, great restaurants, and beautiful views. Pittsburgh is known for having more named neighborhoods than any American city. Ninety distinct communities collectively create the culture of Pittsburgh. The Strip District is a wonderful market spot known for its variety of food and an excellent shopping with unique stores. The neighborhoods known as Shadyside, Beechview, or the West End are other fantastic region of Pittsburgh to find trendy shops and restaurants. If you’re looking for authentic homemade Italian food, Bloomfield or “Pittsburgh’s Little Italy” is the place for you. If you’re looking for more of a creative and artistic side of Pittsburgh, pass through the neighborhood of Lawrenceville. East Liberty is known as for business and industries. Looking for a fun night out on the town? South Side has a fun and exciting nightlife full of clubs, sports bars, and laid-back pubs. Wanting to catch a game or spend some quality time with your loved ones? The North Shore or North Side is the place to be. Mount Washington is the high point of Pittsburgh; it gives the residents of Pittsburgh and tourists a beautiful view of this magnificent city. Finally, Downtown, like most downtown districts, has great food, dining, parks, plazas, and art museums.');
INSERT INTO city (city_name, state_name, cover_picture, city_video, city_description) VALUES ('Miami', 'Florida', 'https://justinkelefas.com/wp-content/uploads/2021/03/Miami-Skyline-Cityscape-Sunset-Sunrise-Downtown-January-by-Justin-Kelefas-2021-ver2.jpg', 'https://www.youtube.com/watch?v=tsyW6zFuaBk', 'Miami is one of the citys and the world’s most popular vacation spots. Though destinations often are said to offer something for everyone, the Miami area does indeed offer multiple enticements for all. The trendy nightlife of South Beach, bejeweled by the eye candy of the Art Deco district. The bustle of Calle Ocho and the highly caffeinated energy of Little Havana. The plush hotels of Miami Beach and the historic hideaways of Coral Gables. Seemingly endless shopping opportunities in modern, sprawling malls and the quiet, personal attention offered by the family-owned shops of Coconut Grove and many other corners of the region. The lures of deep-sea fishing and golf and tennis. Miamis professional football, basketball, baseball and hockey. Boat shows and auto racing. Art festivals and outdoor food and wine extravaganzas. An international airport and the world’s busiest cruise port.');
INSERT INTO city (city_name, state_name, cover_picture, city_video, city_description) VALUES ('New York City', 'New York', 'https://wallpaperset.com/w/full/7/9/6/306973.jpg', 'https://www.youtube.com/watch?v=lkkyTUpyIyk', 'New York City is one of the global hubs of international finance, politics, communications, film, music, fashion, and culture. Alongside London its one of only two universally acknowledged to be "World Cities" the most important and influential cities on Earth. Its home to many world-class museums, art galleries, and theaters. Many of the worlds largest corporations have their headquarters here. The headquarters of the United Nations is in New York and most countries have a consulate here. This citys influence on the globe, and all its inhabitants, is hard to overstate, as decisions made within its boundaries often have impacts and ramifications across the world. New York City has a humid subtropical climate, experiencing all four seasons and with about 50 inches (1,200mm) of rainfall evenly distributed throughout the year. Depending on the time of the year you visit it would be optimal to know what kind of weather you should expect. The diverse population runs the gamut from some of Americas wealthiest celebrities and socialites to homeless people. There are millions of immigrants living in the city. New Yorks population has been diverse since the citys founding by the Dutch. Successive waves of immigration from virtually every nation in the world make New York a giant social experiment in cross-cultural harmony.');
INSERT INTO city (city_name, state_name, cover_picture, city_video, city_description) VALUES ('Seattle', 'Washington', 'https://wallpapers.com/images/featured/seattle-4k-ev7703uyplbpbk90.jpg', 'https://www.youtube.com/watch?v=Fr2_DXuPYwA', 'Seattle is a city of many neighborhoods: eclectic, urban, outdoorsy, artsy, gritty, down-to-earth, or posh—its all here, from the quirky character of the Seattle Waterfront and the eccentric "Republic of Fremont," to hipsters walking baby carriages past aging mansions on Capitol Hill. Theres something for just about everyone within this vibrant Emerald City. Seattle’s diversity lies in the topography: the city is a feat of environmental engineering. When the Denny party arrived on its shores, "Seattle" was a series of densely forested valleys covered by Douglas fir, Western hemlock, and red cedar. Where SoDo (the stadium district south of Downtown) currently it was nothing but mudflats. Pioneer Square was actually an island of sorts where Duwamish tribespeople crossed to the mainland over sandbars. Seattle’s diversity lies in the topography: the city is a feat of environmental engineering. Once Seattle started to grow, its residents literally changed the landscape. Massive Denny Hill once occupied the Belltown neighborhood, but it simply had to go. The multistage "regrade" started in 1899 and was completed 32 years later. The Denny Hill Regrade was just one of dozens of projects; another equally ambitious earth-moving mission was the construction of the canal that links Lake Washington to Puget Sound. Today, the city is once again moving a lot of earth around with the construction of a light-rail line across the city; it’s changing the look, feel, and energy of neighborhoods as a result.');
INSERT INTO city (city_name, state_name, cover_picture, city_video, city_description) VALUES ('Los Angeles', 'California','https://w.forfun.com/fetch/f7/f780d54ca47a0a33b4da2b5d0ac9ee52.jpeg', 'https://www.youtube.com/watch?v=VOM__NZAFQM', 'The city of Los Angeles (also known simply as L.A., and nicknamed the "City of Angels") is the most populous city in California. Located on a broad basin in Southern California, the city is surrounded by vast mountain ranges, valleys, forests, beautiful beaches along the Pacific Ocean, and nearby desert. The metropolitan area is the second most populous city in the United States and home to over 17 million people. The metropolitan area is spread across Los Angeles County, Orange County, and parts of San Bernardino County, Riverside County, and Ventura County. Los Angeles is an important center of culture, medicine, agriculture, business, finance, energy, aerospace, science, food processing, media, international trade, and tourism. Los Angeles is huge. From the Sylmar district in the north to the Port of Los Angeles in the south, the drive can be close to an hour and a half long;longer once traffic is factored in. The L.A. metropolitan area includes smaller cities, such as Santa Monica, Burbank, Pasadena, Long Beach, Anaheim, and Riverside some of which were founded around the end of the nineteenth century and retain distinct identities. Geographically, some district names in the city of Los Angeles are so common, that they are believed by some to be separate cities when in fact, they are actually neighborhoods of Los Angeles. Hollywood, Van Nuys, Encino, and Bel-Air are just some well-known examples of neighborhoods that are actually within Los Angeles and not separate entities, while West Hollywood, Santa Monica, and Beverly Hills, for instance, are actually independent cities. Los Angeles is one of the most diverse cities in the nation and thus the world in terms of its citizens’ ethnicities and economic standing. More than a third of the city’s population is foreign born, numbering just below 1.5 million. The people of Los Angeles come from all over the world and are dispersed throughout the city’s many sprawling, unique neighborhoods, though many of them congregate in ethnic enclaves like Little Armenia, Koreatown, Little Ethiopia, Chinatown, Little Tokyo, Historic Filipinotown or Tehrangeles.');
INSERT INTO city (city_name, state_name, cover_picture, city_video, city_description) VALUES ('Washington D.C.', '', 'https://wallpaper-mania.com/wp-content/uploads/2018/09/High_resolution_wallpaper_background_ID_77700311759.jpg', 'https://www.youtube.com/watch?v=pIxg7wFY2cM', 'Washington, D.C., has long been saddled with a reputation as a stuffy government-driven town. A "city of southern efficiency and northern charm," as John F. Kennedy once described it, Washington is often seen by outsiders as slow and inefficient. But these days, our nations capital is awash with a new energy, transforming itself into an exciting, faster-paced East Coast vacation destination. Although the government is still the sun around which this city orbits, the District also offers a host of renowned museums and interesting neighborhoods. And with a recent explosion of restaurants, cafes, boutiques and clubs, D.C. is transitioning into a thriving cultural hub. As the D.C. Tourism Board is emphasizing through its DC Cool campaign, this isnt the Washington you remember from your middle school field trip – its much hipper than that. You can choose a traditional D.C. adventure, filled with tours of classic attractions like the White House and the Washington Monument, the U.S. Capitol and the Smithsonian National Museum of Natural History. And theres no better way to experience iconic D.C. than with a stroll around the Tidal Basin. (Plan to visit in late March or early April – just in time for the National Cherry Blossom Festival – and youll be rewarded with a canopy of beautiful pink blooms.) But if youve already seen the national landmarks, get a feel for the citys more youthful ambiance, highlighted by its urban neighborhoods, marquee art galleries and vibrant farmers markets. While youll only need a few days to see the city as you know it from your history book, it could take months to experience the Washington that todays locals know and love.' );

-- BAR

INSERT INTO bar (bar_city_id, bar_picture, bar_city_name, bar_name, bar_website, menu_link, bar_address, bar_phone, bar_price) VALUES (1, 'https://pbs.twimg.com/media/DSjrSNaX4AA1ZNH.jpg:large', 'Pittsburgh', 'Mario''s South Side Saloon', 'https://mariospgh.com/southside/', 'https://mariospgh.com/southside/', '1514 E Carson St, Pittsburgh, PA 15203', '(412) 381-5610', '$$$');
INSERT INTO bar (bar_city_id, bar_picture, bar_city_name, bar_name, bar_website, menu_link, bar_address, bar_phone, bar_price) VALUES (1, 'https://www.thedustinnulfteam.com/uploads/1/1/8/0/11801389/tc28_orig.jpg', 'Pittsburgh', 'Tequila Cowboy', 'https://tequilacowboy.com/pittsburgh/', 'https://tequilacowboy.com/pittsburgh/', '380 N Shore Dr, Pittsburgh, PA 15212', '(412) 930-0895', '$$$$');
INSERT INTO bar (bar_city_id, bar_picture, bar_city_name, bar_name, bar_website, menu_link, bar_address, bar_phone, bar_price) VALUES (1, 'https://media2.fdncms.com/pittsburgh/imager/u/original/10906353/food1_walters2web_39.jpg', 'Pittsburgh', 'Walter''s BBQ Southern Kitchen', 'https://walterspgh.com/', 'https://walterspgh.com/', '4501 Butler St, Pittsburgh, PA 15201', '(412) 683-7474', '$$$');
INSERT INTO bar (bar_city_id, bar_picture, bar_city_name, bar_name, bar_website, menu_link, bar_address, bar_phone, bar_price) VALUES (1, 'https://www.discovertheburgh.com/wp-content/uploads/2022/11/Pins-Mechanical-2000px-01.jpg', 'Pittsburgh', 'Pins Mechanical Co.', 'https://www.pinsbar.com/pittsburgh', 'https://www.pinsbar.com/pittsburgh', '407 Cinema Dr, Pittsburgh, PA 15203', '(412) 365-5575', '$$$');
INSERT INTO bar (bar_city_id, bar_picture, bar_city_name, bar_name, bar_website, menu_link, bar_address, bar_phone, bar_price) VALUES (1, 'https://www.pittsburghmagazine.com/content/uploads/2022/12/l/o/shortysoverhead.jpg', 'Pittsburgh', 'Shorty''s Pins x Pints', 'https://www.shortysx.com/', 'https://www.shortysx.com/', '353 N Shore Dr, Pittsburgh, PA 15212', '(412) 904-4450', '$$$');
INSERT INTO bar (bar_city_id, bar_picture, bar_city_name, bar_name, bar_website, menu_link, bar_address, bar_phone, bar_price) VALUES (1, 'https://bloximages.chicago2.vip.townnews.com/buffalonews.com/content/tncms/assets/v3/editorial/0/cc/0cc7a238-1fc1-11ec-ab5b-dbf7eea14a8f/61520e0fd2e86.image.jpg?resize=1200%2C900', 'Pittsburgh', 'Southern Tier Brewery', 'https://taprooms.stbcbeer.com/southern-tier-brewery-pittsburgh-0c78961b7fd2', 'https://taprooms.stbcbeer.com/southern-tier-brewery-pittsburgh-0c78961b7fd2', '316 N Shore Dr, Pittsburgh, PA 15212', '(412) 301-2337', '$$$');

INSERT INTO bar (bar_city_id, bar_picture, bar_city_name, bar_name, bar_website, menu_link, bar_address, bar_phone, bar_price) VALUES (2, 'https://dynamic-media-cdn.tripadvisor.com/media/photo-o/29/95/49/0e/our-staff-performing.jpg?w=1200&h=-1&s=1', 'Miami', 'Mango''s Tropical Cafe', 'https://mangos.com/mangos-miami-beach/', 'https://mangos.com/mangos-miami-beach/mangos-miami-beach-menu/', '900 Ocean Drive Miami Beach, FL 33139', '(305) 673-4422', '$$$$');
INSERT INTO bar (bar_city_id, bar_picture, bar_city_name, bar_name, bar_website, menu_link, bar_address, bar_phone, bar_price) VALUES (2, 'https://dynamic-media-cdn.tripadvisor.com/media/photo-o/29/f1/ae/88/join-us-at-sky-yard-rooftop.jpg?w=1200&h=-1&s=1', 'Miami', 'Rooftop Hookah Exotix - Sky Yard', 'https://www.hookahexotix.com/service-page/hookah-exotix-sky-yard-rooftop?referral=service_list_widget', 'https://www.livnightclub.com/', 'Sky Yard rooftop bar, 723 Lincoln Ln N, Miami Beach, FL', '(754) 971-9586', '$$$');
INSERT INTO bar (bar_city_id, bar_picture, bar_city_name, bar_name, bar_website, menu_link, bar_address, bar_phone, bar_price) VALUES (2, 'https://dynamic-media-cdn.tripadvisor.com/media/photo-o/04/6b/d6/2d/story-nightclub.jpg?w=1200&h=-1&s=1', 'Miami', 'STORY Nightclub', 'https://www.livnightclub.com/', 'https://www.livnightclub.com/reservations', '136 Collins Ave, Miami Beach, FL 33139', '(305) 479-4426', '$$$');
INSERT INTO bar (bar_city_id, bar_picture, bar_city_name, bar_name, bar_website, menu_link, bar_address, bar_phone, bar_price) VALUES (2, 'https://dynamic-media-cdn.tripadvisor.com/media/photo-o/14/2e/f1/a9/celebration-of-life.jpg?w=1200&h=-1&s=1', 'Miami', 'Nikki Beach', 'https://miami-beach.nikkibeach.com/', 'https://miami-beach.nikkibeach.com/', 'One Ocean Drive Miami Beach FL, 33139', '(305) 538-1111', '$$$$');
INSERT INTO bar (bar_city_id, bar_picture, bar_city_name, bar_name, bar_website, menu_link, bar_address, bar_phone, bar_price) VALUES (2, 'https://dynamic-media-cdn.tripadvisor.com/media/photo-o/09/33/45/d5/bleau-bar.jpg?w=1200&h=-1&s=1', 'Miami', 'Bleau Bar', 'https://www.fontainebleau.com/nightlife/bars/miami-beach-hotel-bars', 'https://www.fontainebleau.com/nightlife/bars/miami-beach-hotel-bars', '4441 Collins Avenue Miami Beach FL. 33140', '(305) 674-4760', '$$$$');
INSERT INTO bar (bar_city_id, bar_picture, bar_city_name, bar_name, bar_website, menu_link, bar_address, bar_phone, bar_price) VALUES (2, 'https://assets.simpleviewinc.com/simpleview/image/upload/c_limit,w_1600/crm/miamifl/Sugar_bar_daytime_1440x900_77858F03-5056-A36A-0BB42387CB140F07-77858cf45056a36_77858f6b-5056-a36a-0b6e36f7cde01d08.jpg', 'Miami', 'Sugar', 'https://www.easthotels.com/en/miami/restaurants-and-bars/sugar/', 'https://www.easthotels.com/en/miami/restaurants-and-bars/sugar/', '788 Brickell Plz East Miami, Miami, FL 33131-3521', ' (786)805-4655', '$$$$');

INSERT INTO bar (bar_city_id, bar_picture, bar_city_name, bar_name, bar_website, menu_link, bar_address, bar_phone, bar_price) VALUES (3, 'https://media.timeout.com/images/105707585/image.jpg', 'New York City', '230 FIFTH', 'https://www.230-fifth.com/', 'https://www.230-fifth.com/','230 Fifth Ave, Manhattan, NY 10001', '(212) 725-4300', '$$$$');
INSERT INTO bar (bar_city_id, bar_picture, bar_city_name, bar_name, bar_website, menu_link, bar_address, bar_phone, bar_price) VALUES (3, 'https://www.editionhotels.com/wp-content/uploads/2019/07/EDITION_TImesSquare_ParadiseClub_Red_2.jpg', 'New York City', 'Paradise Club', 'https://www.theparadiseclubnyc.com/', 'https://www.theparadiseclubnyc.com/', '20 Times Square, 701 7th Ave, New York, NY 10036', '(347) 544-5163', '$$$');
INSERT INTO bar (bar_city_id, bar_picture, bar_city_name, bar_name, bar_website, menu_link, bar_address, bar_phone, bar_price) VALUES (3, 'https://dynamic-media-cdn.tripadvisor.com/media/photo-o/10/0e/1b/6b/evening-landscape-photo.jpg?w=1200&h=-1&s=1', 'New York City', 'The Press Lounge', 'thepresslounge.com', 'thepresslounge.com', '653 11th Ave 16th Floor, New York, NY 10036', '(212) 757-2224', '$$$$');
INSERT INTO bar (bar_city_id, bar_picture, bar_city_name, bar_name, bar_website, menu_link, bar_address, bar_phone, bar_price) VALUES (3, 'https://www.youredm.com/wp-content/uploads/2017/01/Webster-Hall.jpg', 'New York City', 'Webster Hall', 'websterhall.com', 'websterhall.com', '125 E 11th St, New York, NY 10003', '(212) 353-1600', '$$$');
INSERT INTO bar (bar_city_id, bar_picture, bar_city_name, bar_name, bar_website, menu_link, bar_address, bar_phone, bar_price) VALUES (3, 'https://dynamic-media-cdn.tripadvisor.com/media/photo-o/0e/85/85/15/interior-photo-1.jpg?w=1200&h=-1&s=1', 'New York City', 'Club Cache', 'https://www.clubcachenyc.com/', 'https://www.clubcachenyc.com/', '35 E 13th St 2nd fl, New York, NY 10003', '(917) 684-8584', '$$$');
INSERT INTO bar (bar_city_id, bar_picture, bar_city_name, bar_name, bar_website, menu_link, bar_address, bar_phone, bar_price) VALUES (3, 'https://i0.wp.com/mcsorleysoldalehouse.nyc/wp-content/uploads/2015/09/Bryan-Thatcher_BRT0392.jpg?fit=2600%2C1735&ssl=1', 'New York City', 'McSorley''s Old Ale House', 'https://mcsorleysoldalehouse.nyc/', 'https://mcsorleysoldalehouse.nyc/', '15 E 7th St, New York, NY 10003', '(212) 473-9148', '$$');

INSERT INTO bar (bar_city_id, bar_picture, bar_city_name, bar_name, bar_website, menu_link, bar_address, bar_phone, bar_price) VALUES (4, 'https://media.king5.com/assets/KING/images/9737b014-65ba-476a-af1f-7d2aa6bb1bb9/9737b014-65ba-476a-af1f-7d2aa6bb1bb9_1140x641.jpg', 'Seattle', 'Century Ballroom', 'https://centuryballroom.com/home/', 'https://centuryballroom.com/home/https://centuryballroom.com/home/', '915 E Pine St, Seattle, WA 98122', '(206) 324-7263', '$$$');
INSERT INTO bar (bar_city_id, bar_picture, bar_city_name, bar_name, bar_website, menu_link, bar_address, bar_phone, bar_price) VALUES (4, 'https://thepizzafan.com/wp-content/uploads/2015/02/The-Pike-Brewing-Company_Dining-Room.jpg', 'Seattle', 'The Pike Brewing Company', 'pikebrewing.com', 'pikebrewing.com', '1415 1st Ave, Seattle, WA 98101', '(206) 622-6044', '$$$');
INSERT INTO bar (bar_city_id, bar_picture, bar_city_name, bar_name, bar_website, menu_link, bar_address, bar_phone, bar_price) VALUES (4, 'https://www.dancemusicnw.com/wp-content/uploads/2014/04/trinity-relaunch.jpg', 'Seattle', 'Trinity Night Club', 'https://www.trinitynightclub.com/', 'https://www.trinitynightclub.com/', '107 Occidental Ave S, Seattle, WA 98104', '(206) 697-7702', '$$$$');
INSERT INTO bar (bar_city_id, bar_picture, bar_city_name, bar_name, bar_website, menu_link, bar_address, bar_phone, bar_price) VALUES (4, 'https://historylink.tours/wp-content/uploads/2019/07/Pink-Door-bar-Seattle-October-16-2008.jpg', 'Seattle', 'The Pink Door', 'https://www.thepinkdoor.net/', 'https://www.thepinkdoor.net/', '1919 Post Alley, Seattle, WA 98101', '(206) 443-3241', '$$$');
INSERT INTO bar (bar_city_id, bar_picture, bar_city_name, bar_name, bar_website, menu_link, bar_address, bar_phone, bar_price) VALUES (4, 'https://atelierdrome.com/wp-content/uploads/2020/01/AtelierDrome_FlatstickPub_PioneerSquare-23353_web.jpg', 'Seattle', 'Flatstick Pub', 'flatstickpub.com', 'flatstickpub.com', '240 Second Ave S, Seattle, WA 98104', '(206) 682-0608', '$$$$');
INSERT INTO bar (bar_city_id, bar_picture, bar_city_name, bar_name, bar_website, menu_link, bar_address, bar_phone, bar_price) VALUES (4, 'https://i.pinimg.com/originals/5f/d6/22/5fd622a2a98073db70a99dda532c20cd.jpg', 'Seattle', 'Murphy''s Pub', 'https://murphysseattle.com/', 'https://murphysseattle.com/', '1928 N 45th St, Seattle, WA 98103', '(206) 634-2110', '$$$');

INSERT INTO bar (bar_city_id, bar_picture, bar_city_name, bar_name, bar_website, menu_link, bar_address, bar_phone, bar_price) VALUES (5, 'https://images.squarespace-cdn.com/content/v1/5c53611a0cf57d7ce300be61/1587848540983-4ITHG3RTG142YMOWCTPO/Derriere+Interior+3-min.jpg', 'Los Angeles', 'Dragonfly Hollywood', 'https://dragonflyhollywood.com/', 'https://dragonflyhollywood.com/', '6510 Santa Monica Blvd, Los Angeles, CA 90038', '(323) 446-4335', '$$$$');
INSERT INTO bar (bar_city_id, bar_picture, bar_city_name, bar_name, bar_website, menu_link, bar_address, bar_phone, bar_price) VALUES (5, 'https://dynamic-media-cdn.tripadvisor.com/media/photo-o/16/87/17/23/getlstd-property-photo.jpg?w=1200&h=-1&s=1', 'Los Angeles', 'Rain Studio City', 'https://www.rainstudiocity.com/', 'https://www.rainstudiocity.com/', '12215 Ventura Blvd UNIT 211, Studio City, CA 91604', '(747) 305-8583', '$$$');
INSERT INTO bar (bar_city_id, bar_picture, bar_city_name, bar_name, bar_website, menu_link, bar_address, bar_phone, bar_price) VALUES (5, 'https://angelcitybrewery.com/wp-content/uploads/2023/03/Image-40-600x350.jpeg', 'Los Angeles', 'Angel City Brewery', 'https://angelcitybrewery.com/', 'https://angelcitybrewery.com/', '216 S Alameda St, Los Angeles, CA 90012', '(213) 537-5550', '$$$');
INSERT INTO bar (bar_city_id, bar_picture, bar_city_name, bar_name, bar_website, menu_link, bar_address, bar_phone, bar_price) VALUES (5, 'https://a.storyblok.com/f/116532/896x524/b5345086a0/station-1640-los-angeles.jpg', 'Los Angeles', 'Station1640', 'https://www.station1640.com/', 'https://www.station1640.com/', '1640 N Cahuenga Blvd, Los Angeles, CA 90028', '(323) 464-2065', '$$$$');
INSERT INTO bar (bar_city_id, bar_picture, bar_city_name, bar_name, bar_website, menu_link, bar_address, bar_phone, bar_price) VALUES (5, 'https://cdn.vox-cdn.com/thumbor/mKJi2E9dbbCcyBdaIA4AuIFYrtQ=/0x0:2000x1335/1200x675/filters:focal(840x508:1160x828)/cdn.vox-cdn.com/uploads/chorus_image/image/53171319/2017_02_08_BlackRabbitRose_001.0.jpg', 'Los Angeles', 'Black Rabbit Rose Magic', 'https://www.blackrabbitrose.com/', 'https://www.blackrabbitrose.com/', '1719 N Hudson Ave, Los Angeles, CA 90028', '(323) 461-1464', '$$$');
INSERT INTO bar (bar_city_id, bar_picture, bar_city_name, bar_name, bar_website, menu_link, bar_address, bar_phone, bar_price) VALUES (5, 'https://media-cdn.tripadvisor.com/media/photo-s/29/66/36/cc/overview-twilight-cloud.jpg', 'Los Angeles', 'Skybar', 'https://book.ennismore.com/nightlife/skybar/los-angeles?utm_source=google-gmb&utm_medium=organic&utm_campaign=gmb', 'https://book.ennismore.com/nightlife/skybar/los-angeles?utm_source=google-gmb&utm_medium=organic&utm_campaign=gmb', '8440 Sunset Blvd, West Hollywood, CA 90069', '(323) 848-6030', '$$$$');

INSERT INTO bar (bar_city_id, bar_picture, bar_city_name, bar_name, bar_website, menu_link, bar_address, bar_phone, bar_price) VALUES (6, 'https://static.wixstatic.com/media/0069aa_2b3e74ec53014effaacd86122a934788~mv2.jpg/v1/fill/w_640,h_400,al_c,q_80,usm_0.66_1.00_0.01,enc_auto/0069aa_2b3e74ec53014effaacd86122a934788~mv2.jpg', 'Washington D.C.', 'Kick Axe Throwing', 'https://www.kickaxe.com/dc', 'https://www.kickaxe.com/dc', '1401 Okie St NE STE 101, Washington, DC 20002', '(833) 454-2529', '$$$');
INSERT INTO bar (bar_city_id, bar_picture, bar_city_name, bar_name, bar_website, menu_link, bar_address, bar_phone, bar_price) VALUES (6, 'https://washington.org/sites/default/files/untitled-5653-HDR_C5E11FB5-659F-48B0-AE5837B8B5A65AEC_26b38635-4dc0-4fad-8f4b21d3e5895ae4.jpg', 'Washington D.C.', 'THRōW Social DC', 'https://www.throwsocial.com/dc', 'https://www.throwsocial.com/dc', '1401 Okie St NE STE #102, Washington, DC 20002', '(888) 847-6919', '$$$$');
INSERT INTO bar (bar_city_id, bar_picture, bar_city_name, bar_name, bar_website, menu_link, bar_address, bar_phone, bar_price) VALUES (6, 'https://dynamic-media-cdn.tripadvisor.com/media/photo-o/0d/54/cc/be/the-next-whisky-bar-at.jpg?w=1200&h=-1&s=1', 'Washington D.C.', 'The Next Whisky Bar', 'https://www.thewatergatehotel.com/the-next-whisky-bar?utm_source=google&utm_medium=organic&utm_campaign=business_listing', 'https://www.thewatergatehotel.com/the-next-whisky-bar?utm_source=google&utm_medium=organic&utm_campaign=business_listing', '2650 Virginia Ave NW, Washington, DC 20037', '(844) 617-1972', '$$$');
INSERT INTO bar (bar_city_id, bar_picture, bar_city_name, bar_name, bar_website, menu_link, bar_address, bar_phone, bar_price) VALUES (6, 'https://myareanetwork-photos.s3.amazonaws.com/bizlist_photos/f/327002_1558803650.jpg?0', 'Washington D.C.', 'Rosebar Lounge', 'https://www.rosebarlounge.com/', 'https://www.rosebarlounge.com/', '215 Connecticut Ave NW, Washington, DC 20036', '(202) 301-8794', '$$$');
INSERT INTO bar (bar_city_id, bar_picture, bar_city_name, bar_name, bar_website, menu_link, bar_address, bar_phone, bar_price) VALUES (6, 'https://i0.wp.com/discotech.me/wp-content/uploads/2018/02/pure2.jpg?resize=833%2C533&ssl=1', 'Washington D.C.', 'Pure Lounge', 'https://www.pureloungedc.com/', 'https://www.pureloungedc.com/', '1326 U St NW, Washington, DC 20009', '(202) 290-7058', '$$$');
INSERT INTO bar (bar_city_id, bar_picture, bar_city_name, bar_name, bar_website, menu_link, bar_address, bar_phone, bar_price) VALUES (6, 'https://dr755n6e7gh8l.cloudfront.net/hayadams.com-1987686533/cms/cache/v2/59761fb9a4c90.jpg/1680x942/fit/80/c5645eca22aa56db9f1c60561da844e0.jpg', 'Washington D.C.', 'Off the Record', 'https://www.hayadams.com/dining/off-the-record', 'https://www.hayadams.com/dining/off-the-record', '800 16th St NW, Washington, DC 20006', '(202) 638-6600', '$$$$');

-- RESTAURANT

INSERT INTO restaurant (restaurant_city_id, restaurant_picture, restaurant_city_name, restaurant_name, restaurant_website, restaurant_address, restaurant_phone, restaurant_price) VALUES (1, 'https://vrconcierge.com/wp-content/uploads/2019/03/1379_capital-grille-pittsburgh-interior-1.jpg', 'Pittsburgh', 'The Capital Grille', 'https://www.thecapitalgrille.com/reservations', '301 5th Ave, Pittsburgh, PA 15222', ' (412) 338-9100', '$$$$');
INSERT INTO restaurant (restaurant_city_id, restaurant_picture, restaurant_city_name, restaurant_name, restaurant_website, restaurant_address, restaurant_phone, restaurant_price) VALUES (1, 'https://www.pittsburghmagazine.com/content/uploads/2022/04/j/k/gauchoroom.jpg', 'Pittsburgh', 'Gaucho Parrilla Argentina', 'https://www.eatgaucho.com/menu', '146 6th St, Pittsburgh, PA 15222, Pittsburgh, PA 15222', '(412)709-6622', '$$$');
INSERT INTO restaurant (restaurant_city_id, restaurant_picture, restaurant_city_name, restaurant_name, restaurant_website, restaurant_address, restaurant_phone, restaurant_price) VALUES (1, 'https://www.visitpittsburgh.com/imager/files_idssasp_com/public/C32/0603d240-7bb4-4f26-8659-cfb449095dc1/1f223bed-7d76-46f3-865c-85c34e257fe0_2200f99a241e55606b0e5da9ea141a39.jpg', 'Pittsburgh', 'Primanti Bros.', 'https://locations.primantibros.com/pa/pittsburgh/', '46 18th St, Pittsburgh, PA 15222', '(412) 263-2142', '$');
INSERT INTO restaurant (restaurant_city_id, restaurant_picture, restaurant_city_name, restaurant_name, restaurant_website, restaurant_address, restaurant_phone, restaurant_price) VALUES (1, 'https://carrieholstead.com/wp-content/uploads/2020/03/Picture_JK_Statement-Bldg-lobby-03-09-20-960x720_c.jpg', 'Pittsburgh', 'The Speckled Egg', 'https://thespeckledeggpgh.com', '501 Grant St, Pittsburgh, PA 15219', '(412) 251-5248', '$$');
INSERT INTO restaurant (restaurant_city_id, restaurant_picture, restaurant_city_name, restaurant_name, restaurant_website, restaurant_address, restaurant_phone, restaurant_price) VALUES (1, 'https://www.sandandorsnow.com/wp-content/uploads/2018/05/fogo-entrance-2.jpg', 'Pittsburgh', 'Fogo de Chão', 'https://fogodechao.com/location/pittsburgh/', '525 Smithfield St, Pittsburgh, PA 15222', '(412) 312-5001', '$$$');
INSERT INTO restaurant (restaurant_city_id, restaurant_picture, restaurant_city_name, restaurant_name, restaurant_website, restaurant_address, restaurant_phone, restaurant_price) VALUES (1, 'https://images.squarespace-cdn.com/content/v1/5bae5b7194d71a7ceb3f521e/1547059715253-HWHN7WSR5AP23F5I1RP8/melting_pot-10.jpg', 'Pittsburgh', 'The Melting Pot', 'https://www.meltingpot.com/pittsburgh-pa/', '242 W Station Square Dr, Pittsburgh, PA 15219', '(412) 261-3477', '$$$');

INSERT INTO restaurant (restaurant_city_id, restaurant_picture, restaurant_city_name, restaurant_name, restaurant_website, restaurant_address, restaurant_phone, restaurant_price) VALUES (2, 'https://media.timeout.com/images/106013282/image.jpg', 'Miami', 'Calle Dragones', 'https://calledragones.com/home-english/', '1036 SW 8th St., Miami, FL 33130', '(786) 722-8370', '$$$$');
INSERT INTO restaurant (restaurant_city_id, restaurant_picture, restaurant_city_name, restaurant_name, restaurant_website, restaurant_address, restaurant_phone, restaurant_price) VALUES (2, 'https://robbreport.com/wp-content/uploads/2017/03/700s_terrace_and_river.jpg', 'Miami', 'Zuma Miami', 'https://zumarestaurant.com/locations/miami/?utm_source=InfoButtonClick&utm_medium=Home&utm_campaign=TripAdvisor', '270 Biscayne Boulevard Way EPIC Hotel, Miami, FL 33131', '(305) 577-0277', '$$$$');
INSERT INTO restaurant (restaurant_city_id, restaurant_picture, restaurant_city_name, restaurant_name, restaurant_website, restaurant_address, restaurant_phone, restaurant_price) VALUES (2, 'https://dynamic-media-cdn.tripadvisor.com/media/photo-o/11/df/31/83/lounge-area-indoors.jpg?w=800&h=600&s=1', 'Miami', 'Barsecco', 'https://www.barsecco.com/', '1421 S Miami Ave, Miami, FL 33130', '(305) 577-9809', '$$$');
INSERT INTO restaurant (restaurant_city_id, restaurant_picture, restaurant_city_name, restaurant_name, restaurant_website, restaurant_address, restaurant_phone, restaurant_price) VALUES (2, 'https://media-cdn.tripadvisor.com/media/photo-s/0c/a0/dc/0e/it-s-like-being-in-the.jpg', 'Miami', 'Monty''s Coconut Grove', 'https://www.montysrawbar.com/', '2550 S Bayshore Dr, Miami, FL 33133-4743', '(305) 856-3992', '$$');
INSERT INTO restaurant (restaurant_city_id, restaurant_picture, restaurant_city_name, restaurant_name, restaurant_website, restaurant_address, restaurant_phone, restaurant_price) VALUES (2, 'https://s3.amazonaws.com/ellevate-app-uploads-production/events/4289/event_image/large/The_Brickell_Room.jpg?1432788141', 'Miami', 'The Capital Grille', 'https://www.thecapitalgrille.com/locations/fl/miami/miami/8006', '444 Brickell Ave, Miami, FL 33131', '(305) 374-4500', '$$$$');
INSERT INTO restaurant (restaurant_city_id, restaurant_picture, restaurant_city_name, restaurant_name, restaurant_website, restaurant_address, restaurant_phone, restaurant_price) VALUES (2, 'https://dynamic-media-cdn.tripadvisor.com/media/photo-o/28/94/b0/69/el-gran-inka-gastrobar.jpg?w=800&h=600&s=1', 'Miami', 'El Gran Inka', 'https://www.graninka.com/', '11401 NW 12th St, Miami, FL 33172', '(305)704-0260', '$$$');

INSERT INTO restaurant (restaurant_city_id, restaurant_picture, restaurant_city_name, restaurant_name, restaurant_website, restaurant_address, restaurant_phone, restaurant_price) VALUES (3, 'https://media-cdn.tripadvisor.com/media/photo-s/1a/f6/2b/b8/inside.jpg', 'New York City', 'Boucherie Union Square', 'https://www.boucherieus.com/', '225 Park Avenue South, New York City, NY 10003', '(212) 353-0200', '$$$$');
INSERT INTO restaurant (restaurant_city_id, restaurant_picture, restaurant_city_name, restaurant_name, restaurant_website, restaurant_address, restaurant_phone, restaurant_price) VALUES (3, 'https://media-cdn.tripadvisor.com/media/photo-s/10/e3/88/03/olio-e-piu-patio.jpg', 'New York City', 'Olio e Più', 'https://www.olioepiu.com/', '3 Greenwich Ave, New York City, NY 10014', '(212) 243-6546', '$$$');
INSERT INTO restaurant (restaurant_city_id, restaurant_picture, restaurant_city_name, restaurant_name, restaurant_website, restaurant_address, restaurant_phone, restaurant_price) VALUES (3, 'https://cf.bstatic.com/xdata/images/hotel/max1024x768/456069510.jpg?k=3ee112344316d6343b0fcc8cab665c4099c0cc60ea702fee92b040ef6fe0348f&o=&hp=1', 'New York City', 'Allora Fifth Ave', 'https://www.alloraristorantenyc.com/allora-5th-ave', '292 5th Ave, New York City, NY 10001', '(646) 928-5198', '$$$');
INSERT INTO restaurant (restaurant_city_id, restaurant_picture, restaurant_city_name, restaurant_name, restaurant_website, restaurant_address, restaurant_phone, restaurant_price) VALUES (3, 'https://c8.alamy.com/zooms/9/fcdba38b8c7b4a91baddc3e5d67151bf/ejhny7.jpg', 'New York City', 'Bleecker Street Pizza', 'https://bleeckerstreetpizza.com/', '69 7th Ave S at Bleecker Street Pizza, New York City, NY 10014', '(212) 924-4466', '$');
INSERT INTO restaurant (restaurant_city_id, restaurant_picture, restaurant_city_name, restaurant_name, restaurant_website, restaurant_address, restaurant_phone, restaurant_price) VALUES (3, 'https://media-cdn.tripadvisor.com/media/photo-s/13/bd/55/c7/dining-room.jpg', 'New York City', 'Manhatta', 'https://www.manhattarestaurant.com/', '28 Liberty St 60th Floor, New York City, NY 10005', '(212) 230-5788', '$$$$');
INSERT INTO restaurant (restaurant_city_id, restaurant_picture, restaurant_city_name, restaurant_name, restaurant_website, restaurant_address, restaurant_phone, restaurant_price) VALUES (3, 'https://i.pinimg.com/originals/9f/8b/68/9f8b68c4dad0e08b732951882c5644be.jpg', 'New York City', 'Craft', 'https://www.craftrestaurant.com/', '43 E 19th St, New York City, NY 10003', '(212) 780-0880', '$$$$');

INSERT INTO restaurant (restaurant_city_id, restaurant_picture, restaurant_city_name, restaurant_name, restaurant_website, restaurant_address, restaurant_phone, restaurant_price) VALUES (4, 'https://theworldkeys.com/wp-content/uploads/2022/09/The-Capital-Grille-restaurant-Seattle_theworldkeys_6-1024x768.webp', 'Seattle', 'The Capital Grille', 'https://www.thecapitalgrille.com/locations/wa/seattle/seattle/8030', '1301 4th Ave, Seattle, WA 98101', '(206) 382-0900', '$$$$');
INSERT INTO restaurant (restaurant_city_id, restaurant_picture, restaurant_city_name, restaurant_name, restaurant_website, restaurant_address, restaurant_phone, restaurant_price) VALUES (4, 'https://cdn.sanity.io/images/hcxyug75/production/606a19de1137537d6fc07103f3ee3994f99fe4e1-1000x667.jpg?w=1024&q=80&fit=max&auto=format', 'Seattle', 'How To Cook A Wolf ', 'https://ethanstowellrestaurants.com/restaurants/how-to-cook-a-wolf-madison-park-seattle?mode=list', '4200 E Madison St, Seattle, WA 98112', '(206) 389-8700', '$$$');
INSERT INTO restaurant (restaurant_city_id, restaurant_picture, restaurant_city_name, restaurant_name, restaurant_website, restaurant_address, restaurant_phone, restaurant_price) VALUES (4, 'https://images.squarespace-cdn.com/content/v1/5d800f998d12e61f0ca26894/1569351150875-KZ8FY8JFGUQN89194DAP/mecca-cafe-1953-e1458097601616.jpg', 'Seattle', 'Mecca Cafe', 'https://mecca-cafe.com/', '526 Queen Anne Ave N, Seattle, WA 98109', '(206) 285-9728', '$');
INSERT INTO restaurant (restaurant_city_id, restaurant_picture, restaurant_city_name, restaurant_name, restaurant_website, restaurant_address, restaurant_phone, restaurant_price) VALUES (4, 'https://resizer.otstatic.com/v2/photos/xlarge/1/25198699.jpg', 'Seattle', 'All Water Seafood & Oyster Bar', 'https://www.allwaterseattle.com/menus', '1000 1st Ave Hotel 1000, LXR Hotels and Resorts, Seattle, WA 98104', '(206) 357-9000', '$$$');
INSERT INTO restaurant (restaurant_city_id, restaurant_picture, restaurant_city_name, restaurant_name, restaurant_website, restaurant_address, restaurant_phone, restaurant_price) VALUES (4, 'https://static.spotapps.co/website_images/ab_websites/61349_website/reserve_left.jpg', 'Seattle', 'Andaluca Restaurant', 'https://andaluca.com/', '407 Olive Wy, Seattle, WA 98101', '(206) 382-6999', '$$$$');
INSERT INTO restaurant (restaurant_city_id, restaurant_picture, restaurant_city_name, restaurant_name, restaurant_website, restaurant_address, restaurant_phone, restaurant_price) VALUES (4, 'https://media-cdn.tripadvisor.com/media/photo-s/06/82/18/fe/six-seven-restaurant.jpg', 'Seattle', 'Six Seven Restaurant', 'https://www.edgewaterhotel.com/seattle-six-seven-restaurant/?utm_source=TripAdvisorRest&utm_medium=listing&utm_campaign=TripA', '2411 Alaskan Way Pier 67, Seattle, WA 98121', '(206) 269-4575', '$$$$');

INSERT INTO restaurant (restaurant_city_id, restaurant_picture, restaurant_city_name, restaurant_name, restaurant_website, restaurant_address, restaurant_phone, restaurant_price) VALUES (5, 'https://media.timeout.com/images/105681473/750/562/image.jpg', 'Los Angeles', 'Magic Castle', 'https://www.magiccastle.com/', '7001 Franklin Ave, Los Angeles, CA 90028', '(323) 851-3313', '$$$$');
INSERT INTO restaurant (restaurant_city_id, restaurant_picture, restaurant_city_name, restaurant_name, restaurant_website, restaurant_address, restaurant_phone, restaurant_price) VALUES (5, 'https://travelswithmaitaitom.com/wp-content/uploads/2018/07/Maccheroni-Republic-Travels-With-Mai-Tai-Tom-1-1.jpg', 'Los Angeles', 'Maccheroni Republic', 'https://maccheronirepublic.com/', '332 S Broadway, Los Angeles, CA 90013', '(213) 346-9725', '$$$');
INSERT INTO restaurant (restaurant_city_id, restaurant_picture, restaurant_city_name, restaurant_name, restaurant_website, restaurant_address, restaurant_phone, restaurant_price) VALUES (5, 'https://images.happycow.net/venues/1024/23/71/hcmp237164_1149066.jpeg', 'Los Angeles', 'Iron Teapot Dim Sum & Bar', 'https://www.iron-teapot.com/', '10306 Venice Blvd., Los Angeles, CA 90034', '(310) 736-1803', '$');
INSERT INTO restaurant (restaurant_city_id, restaurant_picture, restaurant_city_name, restaurant_name, restaurant_website, restaurant_address, restaurant_phone, restaurant_price) VALUES (5, 'https://www.connieandteds.com/wp-content/uploads/2013/05/Connie_and_Teds_Arch_092.jpg', 'Los Angeles', 'Connie and Ted''s', 'https://www.connieandteds.com/', '8171 Santa Monica Blvd, West Hollywood, CA 90046', '(323) 848-2722', '$$$');
INSERT INTO restaurant (restaurant_city_id, restaurant_picture, restaurant_city_name, restaurant_name, restaurant_website, restaurant_address, restaurant_phone, restaurant_price) VALUES (5, 'https://img1.10bestmedia.com/Images/Photos/292931/p-31882b4a01852fb609319d62a65023460f5b1b3b_55_660x440.jpg', 'Los Angeles', 'Parkway Grill', 'https://www.theparkwaygrill.com/', '510 S Arroyo Pkwy, Pasadena, CA 91105', '(626) 795-1001', '$$$$');
INSERT INTO restaurant (restaurant_city_id, restaurant_picture, restaurant_city_name, restaurant_name, restaurant_website, restaurant_address, restaurant_phone, restaurant_price) VALUES (5, 'https://media-cdn.tripadvisor.com/media/photo-s/0f/1e/5a/c9/photo0jpg.jpg', 'Los Angeles', 'Sushi A Go Go', 'https://www.sushi-gogo.com/', '6333 W 3rd St #404, Los Angeles, CA 90036', '(323) 930-7874', '$');

INSERT INTO restaurant (restaurant_city_id, restaurant_picture, restaurant_city_name, restaurant_name, restaurant_website, restaurant_address, restaurant_phone, restaurant_price) VALUES (6, 'https://media-cdn.tripadvisor.com/media/photo-s/22/19/85/e8/indoors.jpg', 'Washington D.C.', 'Smoke & Mirrors Rooftop', 'https://www.smokeandmirrorsrooftop.com/', '867 New Jersey Ave SE, Washington, DC 20003', '(202) 984-2474', '$$$$');
INSERT INTO restaurant (restaurant_city_id, restaurant_picture, restaurant_city_name, restaurant_name, restaurant_website, restaurant_address, restaurant_phone, restaurant_price) VALUES (6, 'https://media.timeout.com/images/101898187/image.jpg', 'Washington D.C.', 'Barmini', 'https://www.minibarbyjoseandres.com/barmini/', '501 9th St NW, Washington, DC 20004', '(202) 393-4451', '$$$$');
INSERT INTO restaurant (restaurant_city_id, restaurant_picture, restaurant_city_name, restaurant_name, restaurant_website, restaurant_address, restaurant_phone, restaurant_price) VALUES (6, 'https://s26552.pcdn.co/wp-content/uploads/2020/05/Agua-301-patio.jpg', 'Washington D.C.', 'Agua 301', 'https://agua301.com/', '301 Water St SE, Washington, DC 20003', '(202) 484-0301', '$$$');
INSERT INTO restaurant (restaurant_city_id, restaurant_picture, restaurant_city_name, restaurant_name, restaurant_website, restaurant_address, restaurant_phone, restaurant_price) VALUES (6, 'https://piscoynazca.com/wp-content/uploads/2019/02/Kendall-FL-Inside.jpg', 'Washington D.C.', 'Pisco y Nazca', 'https://piscoynazca.com/washington-dc', '1823 L St NW, Washington, DC 20036', '(202) 559-3726', '$$$');
INSERT INTO restaurant (restaurant_city_id, restaurant_picture, restaurant_city_name, restaurant_name, restaurant_website, restaurant_address, restaurant_phone, restaurant_price) VALUES (6, 'https://doyle.bar/wp-content/uploads/2023/05/Doyle-Bar-Spring-Terrace-Activation-scaled.jpg', 'Washington D.C.', 'Doyle', 'https://doyle.bar/', '1500 New Hampshire Ave NW, Washington, DC 20036', '(202) 448-4301', '$$$');
INSERT INTO restaurant (restaurant_city_id, restaurant_picture, restaurant_city_name, restaurant_name, restaurant_website, restaurant_address, restaurant_phone, restaurant_price) VALUES (6, 'https://cdn.vox-cdn.com/thumbor/mtBIfJBrAyAZbKdemuf9E77_p1c=/0x0:887x665/1200x800/filters:focal(0x0:887x665)/cdn.vox-cdn.com/uploads/chorus_image/image/50231113/kingbird.0.0.jpg', 'Washington D.C.', 'Kingbird', 'https://www.thewatergatehotel.com/washington-dc-restaurant-kingbird/visit', '2650 Virginia Ave NW, Washington, DC 20037', '(844) 617-1972', '$$$');

-- HOTEL

INSERT INTO hotel (hotel_city_id, hotel_picture,hotel_city_name, hotel_name, hotel_website, hotel_address, hotel_phone, hotel_price) VALUES (1, 'https://dynamic-media-cdn.tripadvisor.com/media/photo-o/0d/f0/4e/c6/street--v14917814.jpg?w=1200&h=-1&s=1', 'Pittsburgh', 'The Priory Hotel', 'https://direct-book.com/properties/2308theprioryhoteldirect?locale=en&items[0][adults]=2&items[0][children]=0&items[0][infants]=0&currency=USD&checkInDate=2023-08-28&checkOutDate=2023-08-29&trackPage=yes', '614 Pressley St, Pittsburgh, PA 15212-5616', '(412) 960-8278', '$$$');
INSERT INTO hotel (hotel_city_id, hotel_picture,hotel_city_name, hotel_name, hotel_website, hotel_address, hotel_phone, hotel_price) VALUES (1, 'https://cms.druryhotels.com/media/467707/172-exterior.png?anchor=center&mode=crop&width=659&height=422&rnd=133307098360000000', 'Pittsburgh', 'Drury Plaza Hotel', 'https://www.druryhotels.com/bookandstay/newreservation', '745 Grant St, Pittsburgh, PA 15219-2213', '(855) 943-6025', '$$$');
INSERT INTO hotel (hotel_city_id, hotel_picture,hotel_city_name, hotel_name, hotel_website, hotel_address, hotel_phone, hotel_price) VALUES (1, 'https://dynamic-media-cdn.tripadvisor.com/media/photo-o/0f/6e/6a/64/hampton-inn-suites-pittsburgh.jpg?w=1200&h=-1&s=1', 'Pittsburgh', 'Hampton Inn & Suites', 'https://www.hilton.com/en/hotels/pitdnhx-hampton-suites-pittsburgh-downtown/rooms/', '1247 Smallman St, Pittsburgh, PA 15222-4239', '(855) 605-0317', '$$');
INSERT INTO hotel (hotel_city_id, hotel_picture,hotel_city_name, hotel_name, hotel_website, hotel_address, hotel_phone, hotel_price) VALUES (1, 'https://dynamic-media-cdn.tripadvisor.com/media/photo-o/23/b2/4e/2c/hotel-exterior.jpg?w=1100&h=-1&s=1', 'Pittsburgh', 'Cambria Hotel', 'https://www.choicehotels.com/cambria/promo/cambria-hotel-discount?ratePlanCode=SC20M3', '1320 Centre Ave, Pittsburgh, PA 15219-3505', '(844) 426-3619', '$$$');
INSERT INTO hotel (hotel_city_id, hotel_picture,hotel_city_name, hotel_name, hotel_website, hotel_address, hotel_phone, hotel_price) VALUES (1, 'https://www.ahstatic.com/photos/a571_ho_00_p_1024x768.jpg', 'Pittsburgh', 'Fairmont Pittsburgh', 'https://www.fairmont.com/pittsburgh/', '510 Market Street, Pittsburgh, PA 15222, United States', ' (412) 773-8800', '$$$$');
INSERT INTO hotel (hotel_city_id, hotel_picture,hotel_city_name, hotel_name, hotel_website, hotel_address, hotel_phone, hotel_price) VALUES (1, 'https://dynamic-media-cdn.tripadvisor.com/media/photo-o/26/80/0b/77/exterior.jpg?w=1100&h=-1&s=1', 'Pittsburgh', 'Joinery Hotel', 'https://www.hilton.com/en/hotels/pitktqq-joinery-hotel-pittsburgh/?SEO_id=GMB-AMER-QQ-PITKTQQ&y_source=1_OTU3NDUxNC03MTUtbG9jYXRpb24ud2Vic2l0ZQ%3D%3D', '453 Boulevard Of The Allies, Pittsburgh, PA 15219', '(844) 442-8746', '$$$');

INSERT INTO hotel (hotel_city_id, hotel_picture, hotel_city_name, hotel_name, hotel_website, hotel_address, hotel_phone, hotel_price) VALUES (2, 'https://res.cloudinary.com/traveltripperweb/image/upload/c_limit,f_auto,h_2500,q_auto,w_2500/v1690366649/i3jhizj78lsbgt7ydjah.jpg', 'Miami', 'The Elser Hotel & Residences', 'https://www.theelserhotel.com/', '398 NE 5th Street, Miami, FL 33132', '(786) 472-1000', '$$$');
INSERT INTO hotel (hotel_city_id, hotel_picture, hotel_city_name, hotel_name, hotel_website, hotel_address, hotel_phone, hotel_price) VALUES (2, 'https://dynamic-media-cdn.tripadvisor.com/media/photo-o/0e/3a/55/61/hotel-exterior.jpg?w=1200&h=-1&s=1', 'Miami', 'Hampton Inn & Suites Miami', 'http://www.hamptoninnmiamibrickell.com/', '50 SW 12th Street, Miami, FL 33130', '(855) 605-0317', '$$');
INSERT INTO hotel (hotel_city_id, hotel_picture, hotel_city_name, hotel_name, hotel_website, hotel_address, hotel_phone, hotel_price) VALUES (2, 'https://dynamic-media-cdn.tripadvisor.com/media/photo-o/1c/c8/06/86/rooftop-pool-views.jpg?w=1200&h=-1&s=1', 'Miami', 'Novotel Miami Brickell', 'https://www.novotelmiami.com/', '1500 SW 1st Ave, Miami, FL 33129-1115', '(786) 627-5119', '$$');
INSERT INTO hotel (hotel_city_id, hotel_picture, hotel_city_name, hotel_name, hotel_website, hotel_address, hotel_phone, hotel_price) VALUES (2, 'https://dynamic-media-cdn.tripadvisor.com/media/photo-o/2a/28/b4/10/hotel-exterior.jpg?w=1200&h=-1&s=1', 'Miami', 'InterContinental Miami', 'https://www.ihg.com/intercontinental/hotels/us/en/miami/miaha/hoteldetail?fromRedirect=true&qSrt=sAV&qIta=99618083&icdv=99618083&glat=MEDI_TABA-website_mdpr_TripAdvisorUS_BLwebsiteD_MIAHA_us_en_ba&qSlH=MIAHA&qRms=1&qAdlt=2&qChld=0&qCiD=10&qCiMy=082023&qCoD=11&qCoMy=082023&setPMCookies=true&qSHBrC=IC&qDest=100%2520Chopin%2520Plaza%252C%2520Miami%252C%2520FL%252C%2520US&cm_mmc=TABA-website_mdpr_TripAdvisorUS_BLwebsiteD_MIAHA_us_en_ba&srb_u=1', '100 Chopin Plaza, Miami, FL 33131', '(877) 640-6822', '$$$');
INSERT INTO hotel (hotel_city_id, hotel_picture, hotel_city_name, hotel_name, hotel_website, hotel_address, hotel_phone, hotel_price) VALUES (2, 'https://dynamic-media-cdn.tripadvisor.com/media/photo-o/29/45/35/d6/hotel-aka-brickell.jpg?w=1200&h=-1&s=1', 'Miami', 'Hotel AKA Brickell', 'https://www.stayaka.com/hotel-aka-brickell?utm_source=tripadvisor.com_bl&utm_medium=media&utm_content=homepagelink&utm_campaign=tripadvisor-bl-omshs-36146', '1395 Brickell Ave, Miami, FL 33131-3353', ' (305) 503-6500', '$$');
INSERT INTO hotel (hotel_city_id, hotel_picture, hotel_city_name, hotel_name, hotel_website, hotel_address, hotel_phone, hotel_price) VALUES (2, 'https://dynamic-media-cdn.tripadvisor.com/media/photo-o/27/b9/c6/86/miccosukee-casino-resort.jpg?w=800&h=-1&s=1', 'Miami', 'Miccosukee Casino & Resort', 'https://miccosukee.com/', '500 SW 177 Ave., Miami, FL 33194-2800', '(305) 930-7955', '$$$');

INSERT INTO hotel (hotel_city_id, hotel_picture, hotel_city_name, hotel_name, hotel_website, hotel_address, hotel_phone, hotel_price) VALUES (3, 'https://dynamic-media-cdn.tripadvisor.com/media/photo-o/26/83/c9/f0/exterior.jpg?w=1100&h=-1&s=1', 'New York City', 'Motto by Hilton New York City Chelsea', 'https://www.hilton.com/en/hotels/nycdlua-motto-new-york-city-chelsea/?SEO_id=GMB-AMER-UA-NYCDLUA&y_source=1_Mjc3MjkzNzctNzE1LWxvY2F0aW9uLndlYnNpdGU%3D', '113 West 24th Street, New York City, NY 10001', '(844) 840-8277', '$$$');
INSERT INTO hotel (hotel_city_id, hotel_picture, hotel_city_name, hotel_name, hotel_website, hotel_address, hotel_phone, hotel_price) VALUES (3, 'https://dynamic-media-cdn.tripadvisor.com/media/photo-o/28/38/de/a8/ground-floor-lobby.jpg?w=1200&h=-1&s=1', 'New York City', 'Margaritaville Resort Times Square', 'https://www.margaritavilleresorts.com/margaritaville-resort-times-square?utm_source=Tripadvisor&utm_medium=bizadv', '560 7th Ave, New York City, NY 10018', '(212) 221-3007', '$$$$');
INSERT INTO hotel (hotel_city_id, hotel_picture, hotel_city_name, hotel_name, hotel_website, hotel_address, hotel_phone, hotel_price) VALUES (3, 'https://dynamic-media-cdn.tripadvisor.com/media/photo-o/29/36/e7/ff/magic-hour-rooftop-bar.jpg?w=1200&h=-1&s=1', 'New York City', 'Moxy NYC Times Square', 'https://www.marriott.com/en-us/hotels/nycox-moxy-nyc-times-square/overview/?scid=f2ae0541-1279-4f24-b197-a979c79310b0', '485 7th Avenue, New York City, NY 10018', '(844) 631-0595', '$$$');
INSERT INTO hotel (hotel_city_id, hotel_picture, hotel_city_name, hotel_name, hotel_website, hotel_address, hotel_phone, hotel_price) VALUES (3, 'https://dynamic-media-cdn.tripadvisor.com/media/photo-o/11/ab/7a/a2/arlo-soho.jpg?w=1200&h=-1&s=1', 'New York City', 'Arlo SoHo', 'https://arlohotels.com/soho/', '231 Hudson St, New York City, NY 10013', '(212) 342-7000', '$$$');
INSERT INTO hotel (hotel_city_id, hotel_picture, hotel_city_name, hotel_name, hotel_website, hotel_address, hotel_phone, hotel_price) VALUES (3, 'https://dynamic-media-cdn.tripadvisor.com/media/photo-o/28/91/d4/53/pod-times-square-check.jpg?w=1100&h=-1&s=1', 'New York City', 'Pod Times Square', 'https://www.thepodhotel.com/pod-times-square?utm_source=google&utm_medium=organic&utm_campaign=gbp_listing', '400 West 42nd Street, New York City, NY 10036-6809', '(844) 763-7666', '$$$');
INSERT INTO hotel (hotel_city_id, hotel_picture, hotel_city_name, hotel_name, hotel_website, hotel_address, hotel_phone, hotel_price) VALUES (3, 'https://dynamic-media-cdn.tripadvisor.com/media/photo-o/03/61/e8/3a/the-bryant-park-hotel.jpg?w=1200&h=-1&s=1', 'New York City', 'The Bryant Park Hotel', 'https://bryantparkhotel.com/#utm_source=TripAdvisor&utm_medium=Website', '40 West 40th Street, New York City, NY 10018-2602', '(646) 759-1610', '$$$$$');

INSERT INTO hotel (hotel_city_id, hotel_picture, hotel_city_name, hotel_name, hotel_website, hotel_address, hotel_phone, hotel_price) VALUES (4, 'https://dynamic-media-cdn.tripadvisor.com/media/photo-o/29/08/4a/ff/amenities.jpg?w=1200&h=-1&s=1', 'Seattle', 'Staypineapple, The Maxwell Hotel, Seattle Center', 'https://www.staypineapple.com/the-maxwell-hotel-seattle-wa?utm_source=google&utm_medium=organic&utm_campaign=GMB&utm_term=tmh', '300 Roy Street, Seattle, WA 98109', '(206) 286-0629', '$$');
INSERT INTO hotel (hotel_city_id, hotel_picture, hotel_city_name, hotel_name, hotel_website, hotel_address, hotel_phone, hotel_price) VALUES (4, 'https://dynamic-media-cdn.tripadvisor.com/media/photo-o/26/37/5f/92/exterior.jpg?w=1100&h=-1&s=1', 'Seattle', 'Embassy Suites by Hilton Seattle Downtown', 'https://www.hilton.com/en/hotels/seapses-embassy-suites-seattle-downtown-pioneer-square/?SEO_id=GMB-AMER-ES-SEAPSES&y_source=1_OTA1MDk1NC03MTUtbG9jYXRpb24ud2Vic2l0ZQ%3D%3D', '255 South King Street, Seattle, WA 98104', '(855) 605-0319', '$$$');
INSERT INTO hotel (hotel_city_id, hotel_picture, hotel_city_name, hotel_name, hotel_website, hotel_address, hotel_phone, hotel_price) VALUES (4, 'https://dynamic-media-cdn.tripadvisor.com/media/photo-o/24/ff/4c/5c/exterior.jpg?w=1100&h=-1&s=1', 'Seattle', 'Hyatt Regency Seattle', 'https://www.hyatt.com/en-US/hotel/washington/hyatt-regency-seattle/sears?src=prop_tripadvisor_businesslisting_sears_en_offers_desktop_main_homepage', '808 Howell Street, Seattle, WA 98101-1384', '(206) 973-1234', '$$');
INSERT INTO hotel (hotel_city_id, hotel_picture, hotel_city_name, hotel_name, hotel_website, hotel_address, hotel_phone, hotel_price) VALUES (4, 'https://dynamic-media-cdn.tripadvisor.com/media/photo-o/0f/90/de/7d/entrance.jpg?w=1200&h=-1&s=1', 'Seattle', 'Belltown Inn', 'https://www.belltown-inn.com/', '2301 3rd Ave, Seattle, WA 98121-1711', '(206) 529-3700', '$');
INSERT INTO hotel (hotel_city_id, hotel_picture, hotel_city_name, hotel_name, hotel_website, hotel_address, hotel_phone, hotel_price) VALUES (4, 'https://dynamic-media-cdn.tripadvisor.com/media/photo-o/19/7c/e0/96/inn-at-the-market.jpg?w=1200&h=-1&s=1', 'Seattle', 'Inn at the Market', 'https://www.innatthemarket.com/', '86 Pine St., Seattle, WA 98101-1571', '(206) 687-1440', '$$$');
INSERT INTO hotel (hotel_city_id, hotel_picture, hotel_city_name, hotel_name, hotel_website, hotel_address, hotel_phone, hotel_price) VALUES (4, 'https://dynamic-media-cdn.tripadvisor.com/media/photo-o/29/51/f0/85/lotte-hotel-exterior.jpg?w=1100&h=-1&s=1', 'Seattle', 'Lotte Hotel Seattle', 'lottehotelseattle.com', '809 5th Ave 16th floor, Seattle, WA 98104-1663', '(206) 589-8270', '$$$$');

INSERT INTO hotel (hotel_city_id, hotel_picture, hotel_city_name, hotel_name, hotel_website, hotel_address, hotel_phone, hotel_price) VALUES (5, 'https://dynamic-media-cdn.tripadvisor.com/media/photo-o/29/63/0f/a5/corner-double-queen-city.jpg?w=1200&h=-1&s=1', 'Los Angeles', 'Moxy Downtown Los Angeles', 'https://www.marriott.com/en-us/hotels/laxox-moxy-downtown-los-angeles/overview/', '1260 South Figueroa Street, Los Angeles, CA 90015', '(888) 597-4165', '$$');
INSERT INTO hotel (hotel_city_id, hotel_picture, hotel_city_name, hotel_name, hotel_website, hotel_address, hotel_phone, hotel_price) VALUES (5, 'https://dynamic-media-cdn.tripadvisor.com/media/photo-o/15/18/c4/15/pool-area.jpg?w=1200&h=-1&s=1', 'Los Angeles', 'Sheraton Universal Hotel', 'https://www.marriott.com/en-us/hotels/bursi-sheraton-universal-hotel/overview/?scid=f2ae0541-1279-4f24-b197-a979c79310b0', '333 Universal Hollywood Drive, Los Angeles, CA 91608', '(844) 631-0595', '$$$');
INSERT INTO hotel (hotel_city_id, hotel_picture, hotel_city_name, hotel_name, hotel_website, hotel_address, hotel_phone, hotel_price) VALUES (5, 'https://dynamic-media-cdn.tripadvisor.com/media/photo-o/29/10/34/f2/hotel-exterior.jpg?w=1200&h=-1&s=1', 'Los Angeles', 'The Biltmore Los Angeles', 'https://www.millenniumhotels.com/en/los-angeles/millennium-biltmore-hotel-los-angeles/', '506 S. Grand Ave, Los Angeles, CA 90071-2602', '(213) 624-1011', '$$');
INSERT INTO hotel (hotel_city_id, hotel_picture, hotel_city_name, hotel_name, hotel_website, hotel_address, hotel_phone, hotel_price) VALUES (5, 'https://dynamic-media-cdn.tripadvisor.com/media/photo-o/10/df/5e/1d/driving-towards-the-front.jpg?w=1100&h=-1&s=1', 'Los Angeles', 'Hilton Los Angeles / Universal City', 'https://www.hilton.com/en/hotels/buruchf-hilton-los-angeles-universal-city/?SEO_id=GMB-AMER-HH-BURUCHF&y_source=1_MTIyMDkyOC03MTUtbG9jYXRpb24ud2Vic2l0ZQ%3D%3D', '555 Universal Hollywood Drive, Los Angeles, CA 91608-1001', '(855) 605-0316', '$$');
INSERT INTO hotel (hotel_city_id, hotel_picture, hotel_city_name, hotel_name, hotel_website, hotel_address, hotel_phone, hotel_price) VALUES (5, 'https://dynamic-media-cdn.tripadvisor.com/media/photo-o/09/6e/bc/80/cabana-with-balcony--v9307655.jpg?w=1200&h=-1&s=1', 'Los Angeles', 'The Hollywood Roosevelt', 'https://www.thehollywoodroosevelt.com/?utm_source=google&utm_medium=organic&utm_campaign=gbp_listing', '7000 Hollywood Boulevard, Los Angeles, CA 90028-6003', '(323) 856-1970', '$$$');
INSERT INTO hotel (hotel_city_id, hotel_picture, hotel_city_name, hotel_name, hotel_website, hotel_address, hotel_phone, hotel_price) VALUES (5, 'https://dynamic-media-cdn.tripadvisor.com/media/photo-o/19/b4/18/dd/holiday-inn-express-hollywood.jpg?w=1200&h=-1&s=1', 'Los Angeles', 'Holiday Inn Express & Suites Hollywood Walk of Fame', 'https://www.ihg.com/holidayinnexpress/hotels/us/en/los-angeles/laxfa/hoteldetail?fromRedirect=true&qSrt=sAV&qIta=99618083&icdv=99618083&glat=MEDI_TABA-website_mdpr_TripAdvisorUS_BLwebsiteD_LAXFA_us_en_ba&qSlH=LAXFA&qRms=1&qAdlt=2&qChld=0&qCiD=10&qCiMy=082023&qCoD=11&qCoMy=082023&setPMCookies=true&qSHBrC=EX&qDest=1921%2520N.%2520Highland%2520Avenue%252C%2520Los%2520Angeles%252C%2520CA%252C%2520US&cm_mmc=TABA-website_mdpr_TripAdvisorUS_BLwebsiteD_LAXFA_us_en_ba&srb_u=1', '1921 North Highland Avenue, Los Angeles, CA 90068', '(877) 819-8632', '$$$');

INSERT INTO hotel (hotel_city_id, hotel_picture, hotel_city_name, hotel_name, hotel_website, hotel_address, hotel_phone, hotel_price) VALUES (6, 'https://dynamic-media-cdn.tripadvisor.com/media/photo-o/1c/06/5b/0f/hotel-hive.jpg?w=1200&h=-1&s=1', 'Washington D.C.', 'Hotel Hive', 'https://hotelhive.com/?utm_source=tripadvisor_businesslisting&utm_medium=hotelwebsite', '2224 F Street NW, Washington DC, DC 20037', '(202) 849-8499', '$$');
INSERT INTO hotel (hotel_city_id, hotel_picture, hotel_city_name, hotel_name, hotel_website, hotel_address, hotel_phone, hotel_price) VALUES (6, 'https://dynamic-media-cdn.tripadvisor.com/media/photo-o/1c/e1/06/8a/lyle-washington-dc.jpg?w=1200&h=-1&s=1', 'Washington D.C.', 'Lyle Washington DC', 'https://www.lyledc.com/?utm_source=Tripadvisor&utm_medium=BusinessAdv', '1731 New Hampshire Ave NW, Washington DC, DC 20009-2501', '(202) 963-7768', '$$');
INSERT INTO hotel (hotel_city_id, hotel_picture, hotel_city_name, hotel_name, hotel_website, hotel_address, hotel_phone, hotel_price) VALUES (6, 'https://dynamic-media-cdn.tripadvisor.com/media/photo-o/29/50/bc/fa/exterior.jpg?w=1200&h=-1&s=1', 'Washington D.C.', 'Hamilton Hotel', 'https://www.hamiltonhoteldc.com/?utm_source=google%20my%20business&utm_medium=listing&utm_campaign=visit%20website', '1001 14th St NW, Washington DC, DC 20005', '(202) 682-0111', '$$');
INSERT INTO hotel (hotel_city_id, hotel_picture, hotel_city_name, hotel_name, hotel_website, hotel_address, hotel_phone, hotel_price) VALUES (6, 'https://dynamic-media-cdn.tripadvisor.com/media/photo-o/23/e3/97/67/hotel-exterior.jpg?w=1100&h=-1&s=1', 'Washington D.C.', 'Washington Plaza Hotel', 'https://www.washingtonplazahotel.com/?utm_source=google%20my%20business&utm_medium=listing&utm_campaign=visit%20website', '10 Thomas Circle NW, Washington DC, DC 20005', '(202) 842-1300', '$$$');
INSERT INTO hotel (hotel_city_id, hotel_picture, hotel_city_name, hotel_name, hotel_website, hotel_address, hotel_phone, hotel_price) VALUES (6, 'https://dynamic-media-cdn.tripadvisor.com/media/photo-o/27/e6/c1/d0/exterior.jpg?w=1100&h=-1&s=1', 'Washington D.C.', 'The Royal Sonesta Washington DC Dupont Circle', 'https://www.sonesta.com/royal-sonesta/dc/washington/royal-sonesta-washington-dc-dupont-circle?utm_campaign=business_advantage&utm_medium=listing&utm_source=tripadvisor&src=tripadvisor_business_advantage', '2121 P Street NW, Washington DC, DC 20037', '(202) 410-9320', '$$$');
INSERT INTO hotel (hotel_city_id, hotel_picture, hotel_city_name, hotel_name, hotel_website, hotel_address, hotel_phone, hotel_price) VALUES (6, 'https://dynamic-media-cdn.tripadvisor.com/media/photo-o/29/39/a3/0b/exterior.jpg?w=1100&h=-1&s=1', 'Washington D.C.', 'Hilton Washington DC National Mall The Wharf', 'https://www.hilton.com/en/hotels/dcaephh-hilton-washington-dc-national-mall-the-wharf/?SEO_id=GMB-AMER-HH-DCAEPHH&y_source=1_MTIzOTE2NTMtNzE1LWxvY2F0aW9uLndlYnNpdGU%3D', '480 L''Enfant Plaza SW, Washington DC, DC 20024', '(855) 605-0316', '$$');

-- EVENTS

INSERT INTO events (event_city_id, event_picture, event_city_name, event_name, event_website, event_address, event_phone, event_price) VALUES (1, 'https://assets-varnish.triblive.com/2023/05/6175498_web1_ptr-Marathon15-050823.jpg', 'Pittsburgh', 'The Pittsburgh Marathon', 'https://www.thepittsburghmarathon.com/', 'Liberty Avenue & 10th Street, Pittsburgh PA', 'May 3-5 2024', 'FREE');
INSERT INTO events (event_city_id, event_picture, event_city_name, event_name, event_website, event_address, event_phone, event_price) VALUES (1, 'https://www.visitpittsburgh.com/imager/s3_amazonaws_com/visit-pittsburgh/CMS/2022_Asian-Lantern-Festival_-Paul-SelvaggioPittsburgh-Zoo-PPG-Aquarium_5_2200f99a241e55606b0e5da9ea141a39.jpg', 'Pittsburgh', 'Asian Lantern Festival Drive-Thru', 'https://www.pittsburghzoo.org/event-asian-lantern-festival-walk-thru/', '7370 Baker Street Pittsburgh, PA 15206', 'Oct 2023', '$16-$22');
INSERT INTO events (event_city_id, event_picture, event_city_name, event_name, event_website, event_address, event_phone, event_price) VALUES (1, 'https://dxbhsrqyrr690.cloudfront.net/sidearm.nextgen.sites/pittsburghpanthers.com/images/2022/10/10/20220829_FB_WVU_ASM_2792.jpg', 'Pittsburgh', 'Pittsburgh Steelers Games', 'https://www.steelers.com/', '100 Art Rooney Ave, Pittsburgh, PA 15212', 'Through Dec 2023', '$100-$400');
INSERT INTO events (event_city_id, event_picture, event_city_name, event_name, event_website, event_address, event_phone, event_price) VALUES (1, 'https://www.pittsburghmagazine.com/content/uploads/data-import/1d64829b/insidearena.jpg', 'Pittsburgh', 'Pittsburgh Penguins Games', 'https://www.nhl.com/penguins/', '1001 Fifth Ave, Pittsburgh, PA 15219', 'Through April 2024', '$206');
INSERT INTO events (event_city_id, event_picture, event_city_name, event_name, event_website, event_address, event_phone, event_price) VALUES (1, 'https://parade.com/.image/ar_4:3%2Cc_fill%2Ccs_srgb%2Cfl_progressive%2Cq_auto:good%2Cw_1200/MTkwNTgxMjIzMjQzMzkyODky/new-york-st-patricks-day-parade.jpg', 'Pittsburgh', 'Saint Patrick''s Day Parade', 'https://pittsburghstpatricksdayparade.com/', 'Boulevard of the Allies, Pittsburgh, PA 15222', 'March 16 2024', 'FREE');
INSERT INTO events (event_city_id, event_picture, event_city_name, event_name, event_website, event_address, event_phone, event_price) VALUES (1, 'https://www.pennlive.com/resizer/y5yvuRK8VgMP1cqoi-Hy4ev-57A=/1280x0/smart/cloudfront-us-east-1.images.arcpublishing.com/advancelocal/543HFDTJARGH7L32II7WORAAZM.jpg', 'Pittsburgh', 'Picklesburgh', 'https://www.picklesburgh.com/', 'Boulevard of the Allies, Pittsburgh, PA 15222', '2024', 'FREE');

INSERT INTO events (event_city_id, event_picture, event_city_name, event_name, event_website, event_address, event_phone, event_price) VALUES (2, 'https://assets.simpleviewinc.com/simpleview/image/upload/crm/miamifl/Miami-Marathon-1440x9000_08179285-5056-a36a-0b692b318230d35e.jpg', 'Miami', 'Lifetime Miami Marathon and Half Marathon', 'https://www.themiamimarathon.com/', '601 Biscayne Blvd, Miami, FL 33132', 'January 28, 2024', '$155');
INSERT INTO events (event_city_id, event_picture, event_city_name, event_name, event_website, event_address, event_phone, event_price) VALUES (2, 'https://assets.simpleviewinc.com/simpleview/image/upload/crm/miamifl/Formula_1_cars_on_track_1440x900_BD084F50-5056-A36A-0B6797D01C2EA2AD_be07a273-5056-a36a-0bd0d82ef2deb826.jpg', 'Miami', 'Formula 1 Crypto.com - Miami Grand Prix', 'https://f1miamigp.com/', '347 Don Shula Dr, Miami Gardens, FL 33056', 'May 03 - May 05, 2024', 'From $1600');
INSERT INTO events (event_city_id, event_picture, event_city_name, event_name, event_website, event_address, event_phone, event_price) VALUES (2, 'https://media2.miaminewtimes.com/mia/imager/u/original/11580422/carnaval-on-the-mile.jpg', 'Miami', 'Carnaval on the Mile', 'https://carnavalmiami.com/events/carnaval-on-the-mile/', 'Miracle Mile, Coral Gables, FL 33134', 'March 04 - March 05', 'FREE');
INSERT INTO events (event_city_id, event_picture, event_city_name, event_name, event_website, event_address, event_phone, event_price) VALUES (2, 'https://cloudfront-us-east-1.images.arcpublishing.com/gmg/WRTY7KRE3NG2HHPHLCCO7R4Q4U.jpg', 'Miami', 'Miami Dolphins Games', 'https://www.miamidolphins.com/', '347 Don Shula Drive Miami Gardens, FL 33056', 'Through Dec 2023', '$100-$400');
INSERT INTO events (event_city_id, event_picture, event_city_name, event_name, event_website, event_address, event_phone, event_price) VALUES (2, 'https://i0.wp.com/www.miamirealestateguy.com/wp-content/uploads/Miami-Beach-Ocean-Drive.jpg', 'Miami', 'Art Deco Weekend', 'https://artdecoweekend.org/', '5 Ocean Dr, Miami Beach, FL 33139', 'January 12 - January 14, 2024', '$35');
INSERT INTO events (event_city_id, event_picture, event_city_name, event_name, event_website, event_address, event_phone, event_price) VALUES (2, 'https://media.guestofaguest.com/t_card_large/gofg-media/2018/11/1/51714/41284861_1944594655841099_6348378045061146374_n.jpg', 'Miami', 'The Great Gatsby Party', 'https://greatgatsbyparty.com/', '169 E. Flagler St. Miami, FL 33131', 'Januray 12 - January 14, 2024', '$110-$5000');

INSERT INTO events (event_city_id, event_picture, event_city_name, event_name, event_website, event_address, event_phone, event_price) VALUES (3, 'https://www.hollywoodreporter.com/wp-content/uploads/2016/04/gettyimages-112178872-h_2016.jpg?w=3000', 'New York City', 'Blue Man Group', 'https://www.broadway.com/shows/blue-man-group/?_gl=1*14k9csu*_ga*NzU2NzE5NTk3LjE2OTY4NzQwMDM.*_ga_6MCFSZ2WNN*MTY5Njg3NDAwMy4xLjEuMTY5Njg3NDE3OC4wLjAuMA..', '729 7th Avenue, 6th Floor, New York, NY 10019', 'Januray 01 - March 31, 2024', '$78.64 - $142.83');
INSERT INTO events (event_city_id, event_picture, event_city_name, event_name, event_website, event_address, event_phone, event_price) VALUES (3, 'https://cdn-az.allevents.in/events7/banners/39d025eff8200dcdf3a2843fc84797552597d0f1f81cc83bc713353800fea2fc-rimg-w610-h343-gmir.jpg?v=1696411978', 'New York City', 'Winter Lantern Festival', 'https://winterlanternfestival.com/', 'American Dream Way, East Rutherford, NJ 07073', 'October 05, 2024', '$28.99');
INSERT INTO events (event_city_id, event_picture, event_city_name, event_name, event_website, event_address, event_phone, event_price) VALUES (3, 'https://www.hollywoodreporter.com/wp-content/uploads/2015/12/onceuponamattressphotobycarolrosegg_2_-_h_2015.jpg?w=3000', 'New York City', 'Once Upon a Mattress', 'https://www.nycitycenter.org/pdps/2023-2024/once-upon-a-mattress/', '131 W 55th St, New York, NY 10019 ', 'Jan 24 – Feb 4, 2024', 'From $35');
INSERT INTO events (event_city_id, event_picture, event_city_name, event_name, event_website, event_address, event_phone, event_price) VALUES (3, 'https://res.cloudinary.com/hello-tickets/image/upload/ar_9:5,c_limit,f_auto,q_auto,w_1300/v1645697978/gvsl5eiu3kavmeaxufyl.jpg', 'New York City', 'New York Knicks Games', 'https://www.nba.com/knicks/', '4 Pennsylvania Plaza, New York, NY 10001', '2023 - 2024', 'From $90');
INSERT INTO events (event_city_id, event_picture, event_city_name, event_name, event_website, event_address, event_phone, event_price) VALUES (3, 'https://www.popupraces.ie/wp-content/themes/popupraces/assets/images/default-featured.jpg', 'New York City', 'Central Park 5K Fun Run', 'https://www.centralpark.com/events/5K-fun-run/?occ_dtstart=2024-04-01T00:00', '5th Ave & E 59th St, New York, NY 10022', 'April 1, 2024', '$44');
INSERT INTO events (event_city_id, event_picture, event_city_name, event_name, event_website, event_address, event_phone, event_price) VALUES (3, 'https://www.billboard.com/wp-content/uploads/media/times-square-ball-drop-new-years-eve-2018-billboard-1548.jpg', 'New York City', 'Times Square New Year''s Eve Balldrop', 'https://www.balldrop.com/times-square-all-access-pass', 'Times Square NYC, New York City, NY 10036', 'December 31, 2023', 'From $179');

INSERT INTO events (event_city_id, event_picture, event_city_name, event_name, event_website, event_address, event_phone, event_price) VALUES (4, 'https://www.westsideseattle.com/sites/default/files/inline-images/Wild%20Lanterns%202022%20kim%20and%20pat%20-%207.jpeg', 'Seattle', 'Wild Lanterns', 'https://www.zoo.org/wildlanterns', '5500 Phinney Ave North, Seattle, WA 98103', 'November 10, 2023 – January 14, 2024', '$29.95 - $36.95');
INSERT INTO events (event_city_id, event_picture, event_city_name, event_name, event_website, event_address, event_phone, event_price) VALUES (4, 'https://res.cloudinary.com/sagacity/image/upload/c_crop,h_3326,w_5000,x_0,y_0/c_limit,dpr_auto,f_auto,fl_lossy,q_80,w_1080/Northwest_Folklife-Christopher-Nelson-CMYK_re6elx.jpg', 'Seattle', 'Timber Music Fest', 'https://summer.timbermusicfest.com/', '31020 NE 40th St, Carnation, WA 98014', 'July 25 - 27, 2024', 'TBD');
INSERT INTO events (event_city_id, event_picture, event_city_name, event_name, event_website, event_address, event_phone, event_price) VALUES (4, 'https://cdn.geekwire.com/wp-content/uploads/2022/09/lumenfield.jpg', 'Seattle', 'Seattle Seahawks Games', 'https://www.seahawks.com/', '800 Occidental Ave S, Seattle, WA 98134', '2023 - 2024', 'From $100');
INSERT INTO events (event_city_id, event_picture, event_city_name, event_name, event_website, event_address, event_phone, event_price) VALUES (4, 'https://cdn.geekwire.com/wp-content/uploads/2021/08/NHL22_Reveal_KRAKEN_ARENA_16x9.jpeg', 'Seattle', 'Seattle Kraken Games', 'https://www.nhl.com/kraken/', '334 1st Ave N, Seattle, WA 98109', '2023 - 2024', 'From $115');
INSERT INTO events (event_city_id, event_picture, event_city_name, event_name, event_website, event_address, event_phone, event_price) VALUES (4, 'https://www.danvillesocial.com/php_partials/uploads/2019/07/Car-Show.jpg', 'Seattle', 'Greenwood Car Show', 'https://www.greenwoodcarshow.com/', '8100 Greenwood Ave NSeattle, WA 98103', 'June 29, 2024', 'FREE');
INSERT INTO events (event_city_id, event_picture, event_city_name, event_name, event_website, event_address, event_phone, event_price) VALUES (4, 'https://img.sunset02.com/sites/default/files/image/2016/06/main/aquarium-of-the-bay.jpg', 'Seattle', 'Halloween at the Aquarium', 'https://www.seattleaquarium.org/events/halloween', '1483 Alaskan Way Pier 59, Seattle, WA 98101', 'October 28 - 29, 2023/2024', 'From $23.95');

INSERT INTO events (event_city_id, event_picture, event_city_name, event_name, event_website, event_address, event_phone, event_price) VALUES (5, 'https://b.fssta.com/uploads/application/nba/venues/SR-Staples-Center-LAL.vresize.2240.1260.medium.1.jpg', 'Los Angeles', 'Los Angeles Lakers Games', 'https://nba.com/lakers/', '1111 S Figueroa St, Los Angeles, CA 90015', '2023 - 2024', 'From $100');
INSERT INTO events (event_city_id, event_picture, event_city_name, event_name, event_website, event_address, event_phone, event_price) VALUES (5, 'https://i0.wp.com/buzzbands.s3.amazonaws.com/wp-content/uploads/2022/10/20113723/calivibesfest2022-overview.jpg?fit=1280%2C720&ssl=1', 'Los Angeles', 'Cali Vibes', 'https://calivibesfest.com/getting-here/', '386 E Shoreline Dr, Long Beach, CA 90803', 'Feb 16 - Feb 18, 2024', 'TBD');
INSERT INTO events (event_city_id, event_picture, event_city_name, event_name, event_website, event_address, event_phone, event_price) VALUES (5, 'https://static.clubs.nfl.com/image/private/t_editorial_landscape_12_desktop/chargers/yxjkykzs0x3rpbtkeel1', 'Los Angeles', 'Los Angeles Rams/Chargers Games', 'https://www.nfl.com/', '1001 Stadium Dr, Inglewood, CA 90301', '2023 - 2024', 'From $120');
INSERT INTO events (event_city_id, event_picture, event_city_name, event_name, event_website, event_address, event_phone, event_price) VALUES (5, 'https://santamonica.com/wp-content/uploads/2023/10/1729639_drseusslorax.webp', 'Los Angeles', 'The Dr. Seuss Experience', 'https://losangeles.experienceseuss.com/?utm_campaign=139607_lax&utm_term=plan_cta_1&utm_source=email&utm_content=lax_eml_mkt_lch_jtw_blk_usr_139607_drseuss_jtwl_lz_21-9-2023_35393358_1090257_20005&utm_medium=join_the_waitlist&dm_i=5bq0%2Cl1cs%2C6en726%2C2dmy4%2C1#', '395 Santa Monica Place, Santa Monica, 90401', 'November 2023 -  January 2024', '$37');
INSERT INTO events (event_city_id, event_picture, event_city_name, event_name, event_website, event_address, event_phone, event_price) VALUES (5, 'https://mayorsmanor.com/wp-content/uploads/2020/12/Doughty-Vegas-Kings-LA-LV-e1608753054679.jpg', 'Los Angeles', 'Los Angeles Kings Games', 'https://www.nhl.com/kings/', '1111 S Figueroa St, Los Angeles, CA 90015', '2023 - 2024', 'From $80');
INSERT INTO events (event_city_id, event_picture, event_city_name, event_name, event_website, event_address, event_phone, event_price) VALUES (5, 'https://patch.com/img/cdn20/users/22511888/20221108/112729/lightscape-2022-4-photo-credit-sony-music___08112728892.jpg', 'Los Angeles', 'LightScape', 'https://www.arboretum.org/lightscape-2023/', '301 North Baldwin Ave, Arcadia, CA 91007', 'November 17 - January 2', '$32');

INSERT INTO events (event_city_id, event_picture, event_city_name, event_name, event_website, event_address, event_phone, event_price) VALUES (6, 'https://media.bleacherreport.com/image/upload/c_crop,h_0.80,w_0.80,x_0.10,y_0.02/v1692282697/evymvqtblm9ii7kjowzs.jpg', 'Washington D.C.', 'Washington Capitals Games', 'https://www.nhl.com/capitals/tickets/', '601 F St NW, Washington, DC 20004', '2023 - 2024', 'From $27');
INSERT INTO events (event_city_id, event_picture, event_city_name, event_name, event_website, event_address, event_phone, event_price) VALUES (6, 'https://www.washingtonpost.com/wp-apps/imrs.php?src=https://arc-anglerfish-washpost-prod-washpost.s3.amazonaws.com/public/R75RJ2FSDMI6TFI63YBEECKULU.jpg&w=1200', 'Washington D.C.', 'The Flea Market at Eastern Market', 'http://easternmarket.net/index.html', '7th & C St. SE, Washington, DC 20003', 'Now - May 25, 2025', 'FREE');
INSERT INTO events (event_city_id, event_picture, event_city_name, event_name, event_website, event_address, event_phone, event_price) VALUES (6, 'https://npr.brightspotcdn.com/dims4/default/24de546/2147483647/strip/true/crop/3000x1993+0+0/resize/880x585!/quality/90/?url=http%3A%2F%2Fnpr-brightspot.s3.amazonaws.com%2Fa6%2F9d%2Fa372cc07428bb7f5f8d8c227e280%2Fsa-2021-race-day-credit-rwbmultimedia-6.jpg', 'Washington D.C.', 'Rock ''n'' Roll Running Series', 'https://www.runrocknroll.com/washington-dc-register', '801 Mount Vernon Pl. NW, Washington, DC 20001', 'Now - Mar 16, 2024', 'From $59');
INSERT INTO events (event_city_id, event_picture, event_city_name, event_name, event_website, event_address, event_phone, event_price) VALUES (6, 'https://www.rateyourseats.com/shared/Verizon-Center-Basketball-Section-217-Row-F-on-11-1-2014f.jpg', 'Washington D.C.', 'Washington Wizard Games', 'nba.com/wizards/', '601 F St NW, Washington, DC 20004', '2023 - 2024', 'From $90');
INSERT INTO events (event_city_id, event_picture, event_city_name, event_name, event_website, event_address, event_phone, event_price) VALUES (6, 'https://i0.wp.com/newspack-washingtoncitypaper.s3.amazonaws.com/uploads/2023/07/Beyond-the-Light-4-_-Credit-ARTECHOUSE-scaled.jpeg?fit=2560%2C1707&ssl=1', 'Washington D.C.', 'Beyond the Light', 'https://www.artechouse.com/program/beyond-the-light-dc/', '1238 Maryland Ave. SW, Washington, DC 20024', 'Now - Nov 05, 2023', '$17-35');
INSERT INTO events (event_city_id, event_picture, event_city_name, event_name, event_website, event_address, event_phone, event_price) VALUES (6, 'https://www.si.com/.image/t_share/MjAwODA0ODY1MTQyNjk1MTE2/howell.jpg', 'Washington D.C.', 'Washington Commander Games', 'https://www.commanders.com/', '1600 Fedex Way, North Englewood, MD 20785', '2023 - 2024', 'From $177');

-- POIS

INSERT INTO tourism (tour_city_id, tour_picture, tour_city_name, tour_name, tour_website, tour_address, tour_phone, tour_price) VALUES (1, 'https://www.visitpittsburgh.com/imager/files_idssasp_com/public/C32/048a7c25-af0f-4edb-9f53-43c4b4f8a7f1/7e373b2b-0468-4ac7-bbcb-c0914e8591ff_2200f99a241e55606b0e5da9ea141a39.jpg', 'Pittsburgh', 'Monongahela Incline', 'http://www.duquesneincline.org/', '1197 West Carson St. Pittsburgh, PA 15219', '(412) 381-1665', '$2.60');
INSERT INTO tourism (tour_city_id, tour_picture, tour_city_name, tour_name, tour_website, tour_address, tour_phone, tour_price) VALUES (1, 'https://www.nps.gov/articles/000/images/1164.jpg?maxwidth=650&autorotate=false', 'Pittsburgh', 'Point State Park', 'https://www.dcnr.pa.gov/Pages/default.aspx', '601 Commonwealth Pl, Pittsburgh, PA 15222', '(412) 565-2850', 'FREE');
INSERT INTO tourism (tour_city_id, tour_picture, tour_city_name, tour_name, tour_website, tour_address, tour_phone, tour_price) VALUES (1, 'https://live.staticflickr.com/1956/31752106458_d3c35c7537_b.jpg', 'Pittsburgh', 'Pittsburgh Water Steps', 'https://pittsburghpa.gov/citiparks/north-shore', 'N Shore Dr, Pittsburgh PA 15212', '(412) 231-4326', 'FREE');
INSERT INTO tourism (tour_city_id, tour_picture, tour_city_name, tour_name, tour_website, tour_address, tour_phone, tour_price) VALUES (1, 'https://live.staticflickr.com/65535/49651222026_1f600e0cb6_b.jpg', 'Pittsburgh', 'USS Requin', 'https://carnegiesciencecenter.org/exhibits/requin-submarine/', 'Three Rivers Heritage Trail, Pittsburgh, PA 15212', '(412) 237-1637', '$11.95 - $19.95');
INSERT INTO tourism (tour_city_id, tour_picture, tour_city_name, tour_name, tour_website, tour_address, tour_phone, tour_price) VALUES (1, 'https://our-kids.com/wp-content/uploads/phipps-garden-whats-to-see.jpg', 'Pittsburgh', 'Phipps Conservatory and Botanical Gardens', 'https://www.phipps.conservatory.org/', '1 Schenley Drive, Pittsburgh, PA 15213', '(412) 622-6914', '$21.95');
INSERT INTO tourism (tour_city_id, tour_picture, tour_city_name, tour_name, tour_website, tour_address, tour_phone, tour_price) VALUES (1, 'https://www.americanhumane.org/app/uploads/2016/11/20110625_PS3_7521-%C2%ACPaulSelvaggio.jpg.jpeg', 'Pittsburgh', 'Pittsburgh Zoo & Aquarium', 'https://www.pittsburghzoo.org/', '7370 Baker St, Pittsburgh, PA 15206', '(412) 665-3640', '$22.00');

INSERT INTO tourism (tour_city_id, tour_picture, tour_city_name, tour_name, tour_website, tour_address, tour_phone, tour_price) VALUES (2, 'https://media.tacdn.com/media/attractions-splice-spp-674x446/0d/07/c6/54.jpg', 'Miami', 'Taste of Miami Private Helicopter Tour', 'https://www.magicairtours.com/home-helicopter-rides/', '14359 SW 127th St, Miami, FL 33186', '(786) 431-2165', 'From $199.00');
INSERT INTO tourism (tour_city_id, tour_picture, tour_city_name, tour_name, tour_website, tour_address, tour_phone, tour_price) VALUES (2, 'https://media.tacdn.com/media/attractions-splice-spp-674x446/0f/1a/f1/77.jpg', 'Miami', 'Vizcaya Museum and Gardens', 'https://vizcaya.org/', '3251 S Miami Ave, Miami, FL 33129', '(305) 250-9133', '$25.00');
INSERT INTO tourism (tour_city_id, tour_picture, tour_city_name, tour_name, tour_website, tour_address, tour_phone, tour_price) VALUES (2, 'https://dynamic-media-cdn.tripadvisor.com/media/photo-o/17/cd/05/41/20190602-125404-largejpg.jpg?w=1200&h=-1&s=1', 'Miami', 'Wynwood Walls', 'https://wynwoodmiami.com/behind-the-colors-of-the-wynwood-walls/', '2516 NW 2nd Ave, Miami, FL 33127', '(305) 576-3334', 'From $12.00');
INSERT INTO tourism (tour_city_id, tour_picture, tour_city_name, tour_name, tour_website, tour_address, tour_phone, tour_price) VALUES (2, 'https://assets.simpleviewinc.com/simpleview/image/upload/c_fit,w_1440,h_900/crm/miamifl/Bayside-Marketplace-20_9BE6DC1A-B77A-487F-8919F05CB73F0B75_43501887-e00e-468e-929ab8e97472d837.jpg', 'Miami', 'Bayside Marketplace', 'https://www.baysidemarketplace.com/visit/360-virtual-map', '401 Biscayne Blvd, Miami, FL 33132', '(305) 577-3344', 'FREE');
INSERT INTO tourism (tour_city_id, tour_picture, tour_city_name, tour_name, tour_website, tour_address, tour_phone, tour_price) VALUES (2, 'https://assets.simpleviewinc.com/simpleview/image/upload/c_fit,w_1440,h_900/crm/miamifl/Croc-Tube_A15ED95D-5939-4AD2-9691C57F1BF3D8CD_2df34797-88b3-4d7c-a5f6c0c1c8ba9a97.jpg', 'Miami', 'Zoo Miami', 'https://www.zoomiami.org/', '12400 SW 152nd St, Miami, FL 33177', '(305) 251-0400', 'From $24.57');
INSERT INTO tourism (tour_city_id, tour_picture, tour_city_name, tour_name, tour_website, tour_address, tour_phone, tour_price) VALUES (2, 'https://cdn.thecrazytourist.com/wp-content/uploads/2018/11/Everglades-Alligator-and-Airboat-Tour.jpg', 'Miami', 'Everglades Safari Park', 'https://www.evergladessafaripark.com/', '26700 SW 8th St, Miami, FL 33194', '(305) 226-6923', 'From $69.79');

INSERT INTO tourism (tour_city_id, tour_picture, tour_city_name, tour_name, tour_website, tour_address, tour_phone, tour_price) VALUES (3, 'https://media.istockphoto.com/id/528725265/photo/central-park-aerial-view-manhattan-new-york.jpg?s=612x612&w=0&k=20&c=GYjpCp4MziKDE_fmYygwt6Cw7CztuiJavMz26E5kaVc=', 'New York City', 'Central Park', 'https://www.centralparknyc.org/', '717 Fifth Avenue, New York, NY 10022', '(212) 310-6600', 'FREE');
INSERT INTO tourism (tour_city_id, tour_picture, tour_city_name, tour_name, tour_website, tour_address, tour_phone, tour_price) VALUES (3, 'https://www.nps.gov/orgs/1207/images/Sep-11-Memorial_1.png', 'New York City', 'The National 9/11 Memorial & Museum', 'https://www.911memorial.org/', '180 Greenwich St, New York, NY 10007', '(212) 312-8800', 'From $33.00');
INSERT INTO tourism (tour_city_id, tour_picture, tour_city_name, tour_name, tour_website, tour_address, tour_phone, tour_price) VALUES (3, 'https://cdn.britannica.com/53/124953-050-1A4C8353/Metropolitan-Museum-of-Art-New-York-City.jpg', 'New York City', 'The Metropolitan Museum of Art', 'https://www.metmuseum.org/', '1000 5th Ave, New York, NY 10028', '(212) 535-7710', 'From $30.00');
INSERT INTO tourism (tour_city_id, tour_picture, tour_city_name, tour_name, tour_website, tour_address, tour_phone, tour_price) VALUES (3, 'https://media.timeout.com/images/101705309/750/422/image.jpg', 'New York City', 'Empire State Building', 'https://www.esbnyc.com/', '20 W 34th St., New York, NY 10001', '(212) 736-3100', 'From $47.91');
INSERT INTO tourism (tour_city_id, tour_picture, tour_city_name, tour_name, tour_website, tour_address, tour_phone, tour_price) VALUES (3, 'https://media.istockphoto.com/id/523538287/photo/times-square.jpg?s=612x612&w=0&k=20&c=gZMU_YAcKxkwUCurZkkAjYOdZfnxhcA_sZnpHMx703A=', 'New York City', 'Times Square', 'https://www.timessquarenyc.org/', 'Manhattan, NY 10036', 'N/A', 'FREE');
INSERT INTO tourism (tour_city_id, tour_picture, tour_city_name, tour_name, tour_website, tour_address, tour_phone, tour_price) VALUES (3, 'https://www.telegraph.co.uk/content/dam/travel/2021/09/28/TELEMMGLPICT000272822890_trans_NvBQzQNjv4BqgsaO8O78rhmZrDxTlQBjdLdu0TL-Cg_AMOUqySXmFgU.jpeg', 'New York City', 'Statue of Liberty', 'https://www.nps.gov/stli/index.htm', 'New York, NY 10004', '(212) 363-3200', 'From $24.05');

INSERT INTO tourism (tour_city_id, tour_picture, tour_city_name, tour_name, tour_website, tour_address, tour_phone, tour_price) VALUES (4, 'https://dynamic-media-cdn.tripadvisor.com/media/photo-o/0c/b7/00/c0/seattle-public-library.jpg?w=1200&h=1200&s=1', 'Seattle', 'Seattle Public Library', 'https://www.spl.org/', '1000 Fourth Ave, Seattle, WA 98104', '(206) 386-4636', 'FREE');
INSERT INTO tourism (tour_city_id, tour_picture, tour_city_name, tour_name, tour_website, tour_address, tour_phone, tour_price) VALUES (4, 'https://www.burientoyota.com/blogs/2317/wp-content/uploads/2019/03/space-needle.jpg', 'Seattle', 'Space Needle', 'https://www.spaceneedle.com/', '400 Broad St, Seattle, WA 98109', '(206) 905-2100', 'From $36.75');
INSERT INTO tourism (tour_city_id, tour_picture, tour_city_name, tour_name, tour_website, tour_address, tour_phone, tour_price) VALUES (4, 'https://wandertours.com/wp-content/uploads/2016/11/Pier-57.jpg', 'Seattle', 'Seattle Great Wheel', 'https://seattlegreatwheel.com/', '1301 Alaskan Wy, Seattle, WA 98101', '(206) 623-8607', '$20.75');
INSERT INTO tourism (tour_city_id, tour_picture, tour_city_name, tour_name, tour_website, tour_address, tour_phone, tour_price) VALUES (4, 'https://www.ship-technology.com/wp-content/uploads/sites/8/2017/10/1l-image-147.jpg', 'Seattle', 'Washington State Ferries', 'https://wsdot.wa.gov/travel/washington-state-ferries', '2901 3rd Ave Seattle WA 98121', '(888) 808-7977', '$9.85');
INSERT INTO tourism (tour_city_id, tour_picture, tour_city_name, tour_name, tour_website, tour_address, tour_phone, tour_price) VALUES (4, 'https://cdn0.weddingwire.com/vendor/758927/3_2/960/jpg/north-gallery-bistro_51_729857-1565282409.jpeg', 'Seattle', 'Sky View Observatory', 'https://skyviewobservatory.com/', '700 4th Ave, Seattle, WA 98104', '(206) 386-5564', '$32.50');
INSERT INTO tourism (tour_city_id, tour_picture, tour_city_name, tour_name, tour_website, tour_address, tour_phone, tour_price) VALUES (4, 'https://seattletravel.com/wp-content/uploads/2022/11/SeattleSpheres.jpg', 'Seattle', 'Amazon Spheres', 'https://www.seattlespheres.com/', '2111 7th Avenue; Seattle, WA 98121', 'N/A', 'FREE');

INSERT INTO tourism (tour_city_id, tour_picture, tour_city_name, tour_name, tour_website, tour_address, tour_phone, tour_price) VALUES (5, 'https://www.discoverlosangeles.com/sites/default/files/business/disneyland-park/c_fit-w_1920-h_1440-crm-la-disneyland0-6a3322105056a36_6a3323af-5056-a36f-23e7498faf405903.jpg', 'Los Angeles', 'Disneyland Park', 'https://disneyland.disney.go.com/destinations/disneyland/?CMP=OKC-330339_GM_DLR_destination_disneylandpark_NA', '1313 Disneyland Dr Anaheim, CA 92802', '(714) 781-4636', 'From $100.00');
INSERT INTO tourism (tour_city_id, tour_picture, tour_city_name, tour_name, tour_website, tour_address, tour_phone, tour_price) VALUES (5, 'https://ca-times.brightspotcdn.com/dims4/default/adb3045/2147483647/strip/true/crop/2048x1232+0+0/resize/1200x722!/quality/75/?url=https%3A%2F%2Fcalifornia-times-brightspot.s3.amazonaws.com%2F89%2Fa0%2Fe58e0b431e8ba9ea8444dee8cac8%2Fla-ed-hollywood-sign-wiped-off-the-map-2014112-001', 'Los Angeles', 'Hollywood Sign', 'https://www.hollywoodsign.org/', '3000 Canyon Lake Dr, Los Angeles, CA 90068', '(323) 258-4338', 'FREE');
INSERT INTO tourism (tour_city_id, tour_picture, tour_city_name, tour_name, tour_website, tour_address, tour_phone, tour_price) VALUES (5, 'https://a.cdn-hotels.com/gdcs/production189/d1640/46073796-be8a-4c37-978c-d0ab2100ef41.jpg?impolicy=fcrop&w=800&h=533&q=medium', 'Los Angeles', 'Santa Monica Pier', 'https://www.santamonicapier.org/', '200 Santa Monica Pier, Santa Monica, CA 90401', '(310) 458-8900', 'FREE');
INSERT INTO tourism (tour_city_id, tour_picture, tour_city_name, tour_name, tour_website, tour_address, tour_phone, tour_price) VALUES (5, 'https://thelagirl.com/wp-content/uploads/2022/08/pexels-ekaterina-belinskaya-4700108-scaled.jpg', 'Los Angeles', 'Hollywood Walk of Fame', 'https://walkoffame.com/', 'Hollywood Boulevard, Vine St, Los Angeles, CA 90028', 'N/A', 'FREE');
INSERT INTO tourism (tour_city_id, tour_picture, tour_city_name, tour_name, tour_website, tour_address, tour_phone, tour_price) VALUES (5, 'https://images.fineartamerica.com/images/artworkimages/mediumlarge/2/venice-beach-boardwalk-christopher-arndt.jpg', 'Los Angeles', 'Venice Beach', 'https://www.laparks.org/venice/', '101 The Esplanade at the west end of West Venice Avenue', 'N/A', 'FREE');
INSERT INTO tourism (tour_city_id, tour_picture, tour_city_name, tour_name, tour_website, tour_address, tour_phone, tour_price) VALUES (5, 'https://lh3.googleusercontent.com/p/AF1QipM0T78QrKBtWN8kFfNuEK8zmj61LBjIR4dQpjoo=s680-w680-h510', 'Los Angeles', 'Los Angeles County Museum of Art', 'https://www.lacma.org/', '5905 Wilshire Blvd, Los Angeles, CA 90036', '(323) 857-6000', '$25.00');

INSERT INTO tourism (tour_city_id, tour_picture, tour_city_name, tour_name, tour_website, tour_address, tour_phone, tour_price) VALUES (6, 'https://www.thechurchillhotel.com/resourcefiles/attractionsmallimages/monuments-the-lincoln-memorial-of-churchill-hotel-near-embassy-row-washington.jpg?version=9282023143345', 'Washington D.C.', 'Lincoln Memorial', 'https://home.nps.gov/linc/index.htm/index.htm', '2 Lincoln Memorial Cir NW, Washington, DC 20002', '(202) 426-6841', 'FREE');
INSERT INTO tourism (tour_city_id, tour_picture, tour_city_name, tour_name, tour_website, tour_address, tour_phone, tour_price) VALUES (6, 'https://cdn.britannica.com/43/93843-050-A1F1B668/White-House-Washington-DC.jpg', 'Washington D.C.', 'White House', 'https://www.whitehouse.gov/', '1600 Pennsylvania Avenue NW, Washington, DC 20500', 'N/A', 'FREE');
INSERT INTO tourism (tour_city_id, tour_picture, tour_city_name, tour_name, tour_website, tour_address, tour_phone, tour_price) VALUES (6, 'https://www.uscp.gov/sites/uscapitolpolice.house.gov/files/wysiwyg_uploaded/Box%204%20-%20Visit%20the%20Capitol.png', 'Washington D.C.', 'U.S. Capitol', 'https://www.visitthecapitol.gov/', '250 1st St NW, Swampoodle, Washington, DC 20001', '(202) 226-8000', 'FREE');
INSERT INTO tourism (tour_city_id, tour_picture, tour_city_name, tour_name, tour_website, tour_address, tour_phone, tour_price) VALUES (6, 'https://cdn.britannica.com/28/152028-050-07CA4BC3/Martin-Luther-King-Jr-National-Memorial-Washington-DC.jpg', 'Washington D.C.', 'Martin Luther King, Jr. Memorial', 'https://www.nps.gov/mlkm/index.htm', '1964 Independence Ave SW, Washington, DC 20004', '(202) 426-6841', 'FREE');
INSERT INTO tourism (tour_city_id, tour_picture, tour_city_name, tour_name, tour_website, tour_address, tour_phone, tour_price) VALUES (6, 'https://www.usatoday.com/gcdn/presto/2021/07/12/USAT/34699dd2-b9ca-4abb-af8e-7977099e34b2-GettyImages-2548942.jpeg', 'Washington D.C.', 'Washington Monument', 'https://www.nps.gov/wamo/index.htm', '2 15th St NW, Washington, DC 20024', '(202) 426-6841', '$1.00');
INSERT INTO tourism (tour_city_id, tour_picture, tour_city_name, tour_name, tour_website, tour_address, tour_phone, tour_price) VALUES (6, 'https://upload.wikimedia.org/wikipedia/commons/1/13/Jefferson_Memorial_At_Dusk_1.jpg', 'Washington D.C.', 'Jefferson Memorial', 'https://www.nps.gov/thje/index.htm', '16 E Basin Dr SW, Washington, DC 20242', '(202) 426-6841', 'FREE');


COMMIT;

